tag,site,plot,species,date,pd_md,water_potential_mpa,year
1478,Cucu Mesa,Low,blue oak,2023-09-29,pd,0.6,2023
1478,Cucu Mesa,Low,blue oak,2023-05-12,pd,0.15,2023
1478,Cucu Mesa,Low,blue oak,2023-07-28,md,2.612,2023
1478,Cucu Mesa,Low,blue oak,2023-07-28,md,2.201,2023
1478,Cucu Mesa,Low,blue oak,2023-07-28,pd,0.591,2023
1478,Cucu Mesa,Low,blue oak,2023-04-14,pd,0.859,2023
1478,Cucu Mesa,Low,blue oak,2023-07-28,pd,0.263,2023
1478,Cucu Mesa,Low,blue oak,2023-09-29,pd,0.55,2023
1478,Cucu Mesa,Low,blue oak,2023-04-14,pd,0.798,2023
1478,Cucu Mesa,Low,blue oak,2023-04-14,pd,0.789,2023
1478,Cucu Mesa,Low,blue oak,2023-09-29,pd,0.55,2023
1478,Cucu Mesa,Low,blue oak,2023-05-12,pd,0.35,2023
1478,Cucu Mesa,Low,blue oak,2023-05-12,pd,0.375,2023
1478,Cucu Mesa,Low,blue oak,2023-07-28,pd,0.691,2023
1478,Cucu Mesa,Low,blue oak,2023-07-28,md,2.801,2023
1478,Cucu Mesa,Low,blue oak,2023-09-29,pd,0.75,2023
1478,Cucu Mesa,Low,blue oak,2023-09-29,md,3,2023
1478,Cucu Mesa,Low,blue oak,2023-09-29,md,3.05,2023
1478,Cucu Mesa,Low,blue oak,2023-04-14,md,0.74,2023
1478,Cucu Mesa,Low,blue oak,2023-05-12,pd,0.9,2023
1478,Cucu Mesa,Low,blue oak,2023-04-14,md,0.77,2023
1478,Cucu Mesa,Low,blue oak,2023-09-29,md,3.05,2023
1478,Cucu Mesa,Low,blue oak,2023-04-14,md,0.76,2023
1478,Cucu Mesa,Low,blue oak,2023-05-12,pd,0.1,2023
2004,Cucu Mesa,High,blue oak,2023-05-12,md,2.1,2023
2004,Cucu Mesa,High,blue oak,2023-07-28,md,2.492,2023
2004,Cucu Mesa,High,blue oak,2023-09-29,pd,0.5,2023
2004,Cucu Mesa,High,blue oak,2023-05-12,md,1.72,2023
2004,Cucu Mesa,High,blue oak,2023-05-12,md,1.79,2023
2004,Cucu Mesa,High,blue oak,2023-09-29,md,3.5,2023
2004,Cucu Mesa,High,blue oak,2023-07-28,md,2.5,2023
2004,Cucu Mesa,High,blue oak,2023-04-14,md,0.715,2023
2004,Cucu Mesa,High,blue oak,2023-05-12,md,1.64,2023
2004,Cucu Mesa,High,blue oak,2023-09-29,pd,0.65,2023
2004,Cucu Mesa,High,blue oak,2023-09-29,md,3.9,2023
2004,Cucu Mesa,High,blue oak,2023-09-29,pd,0.55,2023
2004,Cucu Mesa,High,blue oak,2023-07-28,pd,0.638,2023
2004,Cucu Mesa,High,blue oak,2023-07-28,pd,0.811,2023
2004,Cucu Mesa,High,blue oak,2023-04-14,md,0.85,2023
2004,Cucu Mesa,High,blue oak,2023-09-29,md,4.04,2023
2004,Cucu Mesa,High,blue oak,2023-09-29,md,3.2,2023
2004,Cucu Mesa,High,blue oak,2023-09-29,md,4.4,2023
2004,Cucu Mesa,High,blue oak,2023-04-14,pd,0.426,2023
2004,Cucu Mesa,High,blue oak,2023-07-28,md,2.554,2023
2004,Cucu Mesa,High,blue oak,2023-04-14,pd,0.358,2023
2004,Cucu Mesa,High,blue oak,2023-04-14,pd,0.43,2023
2004,Cucu Mesa,High,blue oak,2023-04-14,md,0.716,2023
2004,Cucu Mesa,High,blue oak,2023-07-28,pd,1.633,2023
2004,Cucu Mesa,High,blue oak,2023-07-28,pd,1.34,2023
2005,Cucu Mesa,High,blue oak,2023-04-14,md,0.7,2023
2005,Cucu Mesa,High,blue oak,2023-05-12,md,1.58,2023
2005,Cucu Mesa,High,blue oak,2023-09-29,pd,0.5,2023
2005,Cucu Mesa,High,blue oak,2023-09-29,pd,0.4,2023
2005,Cucu Mesa,High,blue oak,2023-07-28,md,2.534,2023
2005,Cucu Mesa,High,blue oak,2023-04-14,pd,0.512,2023
2005,Cucu Mesa,High,blue oak,2023-05-12,pd,0.35,2023
2005,Cucu Mesa,High,blue oak,2023-05-12,pd,0.325,2023
2005,Cucu Mesa,High,blue oak,2023-04-14,md,0.775,2023
2005,Cucu Mesa,High,blue oak,2023-09-29,md,5.1,2023
2005,Cucu Mesa,High,blue oak,2023-09-29,pd,0.4,2023
2005,Cucu Mesa,High,blue oak,2023-05-12,md,1.65,2023
2005,Cucu Mesa,High,blue oak,2023-07-28,md,2.572,2023
2005,Cucu Mesa,High,blue oak,2023-07-28,pd,0.76,2023
2005,Cucu Mesa,High,blue oak,2023-04-14,pd,0.282,2023
2005,Cucu Mesa,High,blue oak,2023-05-12,md,1.61,2023
2005,Cucu Mesa,High,blue oak,2023-09-29,md,4.75,2023
2005,Cucu Mesa,High,blue oak,2023-09-29,pd,0.3,2023
2005,Cucu Mesa,High,blue oak,2023-05-12,md,1.8,2023
2005,Cucu Mesa,High,blue oak,2023-07-28,md,2.536,2023
2005,Cucu Mesa,High,blue oak,2023-07-28,md,2.692,2023
2005,Cucu Mesa,High,blue oak,2023-04-14,pd,0.552,2023
2005,Cucu Mesa,High,blue oak,2023-09-29,md,5.3,2023
2005,Cucu Mesa,High,blue oak,2023-04-14,pd,0.28,2023
2005,Cucu Mesa,High,blue oak,2023-04-14,pd,0.398,2023
2005,Cucu Mesa,High,blue oak,2023-04-14,md,0.725,2023
2005,Cucu Mesa,High,blue oak,2023-07-28,md,2.613,2023
2005,Cucu Mesa,High,blue oak,2023-04-14,pd,0.565,2023
2005,Cucu Mesa,High,blue oak,2023-07-28,pd,0.7,2023
2005,Cucu Mesa,High,blue oak,2023-05-12,pd,0.4,2023
2005,Cucu Mesa,High,blue oak,2023-07-28,md,2.572,2023
2005,Cucu Mesa,High,blue oak,2023-07-28,pd,0.6,2023
2006,Cucu Mesa,High,blue oak,2023-09-29,pd,0.55,2023
2006,Cucu Mesa,High,blue oak,2023-09-29,pd,0.6,2023
2006,Cucu Mesa,High,blue oak,2023-07-28,md,3.02,2023
2006,Cucu Mesa,High,blue oak,2023-07-28,md,2.682,2023
2006,Cucu Mesa,High,blue oak,2023-09-29,md,3.55,2023
2006,Cucu Mesa,High,blue oak,2023-05-12,pd,0.275,2023
2006,Cucu Mesa,High,blue oak,2023-09-29,md,3.4,2023
2006,Cucu Mesa,High,blue oak,2023-07-28,md,2.909,2023
2006,Cucu Mesa,High,blue oak,2023-05-12,pd,0.275,2023
2006,Cucu Mesa,High,blue oak,2023-09-29,md,3.55,2023
2006,Cucu Mesa,High,blue oak,2023-09-29,pd,0.55,2023
2006,Cucu Mesa,High,blue oak,2023-05-12,pd,0.25,2023
2006,Cucu Mesa,High,blue oak,2023-09-29,pd,0.45,2023
2006,Cucu Mesa,High,blue oak,2023-04-14,md,1.35,2023
2006,Cucu Mesa,High,blue oak,2023-04-14,pd,0.2,2023
2006,Cucu Mesa,High,blue oak,2023-09-29,pd,0.45,2023
2006,Cucu Mesa,High,blue oak,2023-04-14,md,1.25,2023
2006,Cucu Mesa,High,blue oak,2023-05-12,md,1.06,2023
2006,Cucu Mesa,High,blue oak,2023-04-14,md,1,2023
2006,Cucu Mesa,High,blue oak,2023-09-29,pd,0.7,2023
2006,Cucu Mesa,High,blue oak,2023-04-14,md,1,2023
2006,Cucu Mesa,High,blue oak,2023-04-14,pd,0.274,2023
2006,Cucu Mesa,High,blue oak,2023-05-12,md,1.03,2023
2006,Cucu Mesa,High,blue oak,2023-05-12,md,1.07,2023
2006,Cucu Mesa,High,blue oak,2023-05-12,md,1.2,2023
2006,Cucu Mesa,High,blue oak,2023-04-14,pd,0.223,2023
2006,Cucu Mesa,High,blue oak,2023-05-12,md,1.39,2023
2006,Cucu Mesa,High,blue oak,2023-04-14,pd,0.176,2023
2007,Cucu Mesa,High,blue oak,2023-09-29,md,3.85,2023
2007,Cucu Mesa,High,blue oak,2023-09-29,pd,0.4,2023
2007,Cucu Mesa,High,blue oak,2023-09-29,md,4.15,2023
2007,Cucu Mesa,High,blue oak,2023-09-29,pd,0.7,2023
2007,Cucu Mesa,High,blue oak,2023-09-29,md,4.15,2023
2007,Cucu Mesa,High,blue oak,2023-05-12,pd,0.41,2023
2007,Cucu Mesa,High,blue oak,2023-04-14,md,1.15,2023
2007,Cucu Mesa,High,blue oak,2023-07-28,md,1.8,2023
2007,Cucu Mesa,High,blue oak,2023-07-28,md,2.05,2023
2007,Cucu Mesa,High,blue oak,2023-05-12,pd,0.4,2023
2007,Cucu Mesa,High,blue oak,2023-09-29,pd,0.45,2023
2007,Cucu Mesa,High,blue oak,2023-05-12,md,2,2023
2007,Cucu Mesa,High,blue oak,2023-04-14,md,1.1,2023
2007,Cucu Mesa,High,blue oak,2023-05-12,md,1.81,2023
2007,Cucu Mesa,High,blue oak,2023-05-12,pd,0.375,2023
2007,Cucu Mesa,High,blue oak,2023-05-12,md,2.001,2023
2007,Cucu Mesa,High,blue oak,2023-07-28,md,2.05,2023
2007,Cucu Mesa,High,blue oak,2023-04-14,md,1.2,2023
2007,Cucu Mesa,High,blue oak,2023-07-28,md,1.8,2023
2007,Cucu Mesa,High,blue oak,2023-09-29,pd,0.35,2023
2007,Cucu Mesa,High,blue oak,2023-09-29,pd,0.65,2023
2008,Cucu Mesa,High,blue oak,2023-04-14,md,1.55,2023
2008,Cucu Mesa,High,blue oak,2023-04-14,md,1.35,2023
2008,Cucu Mesa,High,blue oak,2023-05-12,md,1.225,2023
2008,Cucu Mesa,High,blue oak,2023-05-12,md,1.25,2023
2008,Cucu Mesa,High,blue oak,2023-09-29,md,3.925,2023
2008,Cucu Mesa,High,blue oak,2023-05-12,md,1.275,2023
2008,Cucu Mesa,High,blue oak,2023-04-14,pd,0.258,2023
2008,Cucu Mesa,High,blue oak,2023-09-29,md,2.55,2023
2008,Cucu Mesa,High,blue oak,2023-09-29,md,4.65,2023
2008,Cucu Mesa,High,blue oak,2023-09-29,md,4.55,2023
2008,Cucu Mesa,High,blue oak,2023-09-29,pd,0.35,2023
2008,Cucu Mesa,High,blue oak,2023-09-29,pd,0.35,2023
2008,Cucu Mesa,High,blue oak,2023-09-29,pd,0.3,2023
2008,Cucu Mesa,High,blue oak,2023-04-14,pd,0.178,2023
2008,Cucu Mesa,High,blue oak,2023-04-14,md,1.4,2023
2008,Cucu Mesa,High,blue oak,2023-05-12,pd,0.31,2023
2008,Cucu Mesa,High,blue oak,2023-05-12,pd,0.31,2023
2008,Cucu Mesa,High,blue oak,2023-04-14,pd,0.218,2023
2008,Cucu Mesa,High,blue oak,2023-05-12,pd,0.32,2023
2009,LL,Hobbiton,blue oak,2023-09-29,pd,0.49,2023
2009,LL,Hobbiton,blue oak,2023-07-28,pd,1.097,2023
2009,LL,Hobbiton,blue oak,2023-09-29,pd,0.6,2023
2009,LL,Hobbiton,blue oak,2023-09-29,md,3.47,2023
2009,LL,Hobbiton,blue oak,2023-07-28,pd,0.8,2023
2009,LL,Hobbiton,blue oak,2023-05-12,md,1.8,2023
2009,LL,Hobbiton,blue oak,2023-07-28,pd,0.937,2023
2009,LL,Hobbiton,blue oak,2023-09-29,md,2.44,2023
2009,LL,Hobbiton,blue oak,2023-04-14,pd,0.22,2023
2009,LL,Hobbiton,blue oak,2023-09-29,md,3.32,2023
2009,LL,Hobbiton,blue oak,2023-09-29,pd,0.59,2023
2009,LL,Hobbiton,blue oak,2023-07-28,md,3.7,2023
2009,LL,Hobbiton,blue oak,2023-07-28,md,3.61,2023
2009,LL,Hobbiton,blue oak,2023-05-12,md,2.1,2023
2009,LL,Hobbiton,blue oak,2023-05-12,md,1.85,2023
2009,LL,Hobbiton,blue oak,2023-09-29,md,3.47,2023
2009,LL,Hobbiton,blue oak,2023-07-28,md,3.571,2023
2009,LL,Hobbiton,blue oak,2023-04-14,md,1.15,2023
2009,LL,Hobbiton,blue oak,2023-09-29,md,2.63,2023
2009,LL,Hobbiton,blue oak,2023-04-14,md,1.2,2023
2009,LL,Hobbiton,blue oak,2023-04-14,pd,0.24,2023
2009,LL,Hobbiton,blue oak,2023-04-14,pd,0.2,2023
2009,LL,Hobbiton,blue oak,2023-09-29,md,3.57,2023
2009,LL,Hobbiton,blue oak,2023-04-14,md,1.15,2023
2010,LL,Weathertop,blue oak,2023-07-28,md,2.95,2023
2010,LL,Weathertop,blue oak,2023-05-12,md,2.1,2023
2010,LL,Weathertop,blue oak,2023-07-28,md,3.01,2023
2010,LL,Weathertop,blue oak,2023-05-12,md,1.675,2023
2010,LL,Weathertop,blue oak,2023-05-12,pd,0.25,2023
2010,LL,Weathertop,blue oak,2023-05-12,md,1.5,2023
2010,LL,Weathertop,blue oak,2023-04-14,pd,0.223,2023
2010,LL,Weathertop,blue oak,2023-07-28,md,2.201,2023
2010,LL,Weathertop,blue oak,2023-04-14,pd,0.264,2023
2010,LL,Weathertop,blue oak,2023-09-29,pd,0.55,2023
2010,LL,Weathertop,blue oak,2023-04-14,pd,0.126,2023
2010,LL,Weathertop,blue oak,2023-09-29,pd,0.45,2023
2010,LL,Weathertop,blue oak,2023-09-29,pd,0.5,2023
2010,LL,Weathertop,blue oak,2023-05-12,md,2.25,2023
2010,LL,Weathertop,blue oak,2023-05-12,md,2.05,2023
2010,LL,Weathertop,blue oak,2023-04-14,md,0.736,2023
2010,LL,Weathertop,blue oak,2023-04-14,md,0.714,2023
2010,LL,Weathertop,blue oak,2023-04-14,pd,0.143,2023
2010,LL,Weathertop,blue oak,2023-09-29,pd,0.6,2023
2010,LL,Weathertop,blue oak,2023-07-28,pd,1.05,2023
2010,LL,Weathertop,blue oak,2023-05-12,pd,0.3,2023
2010,LL,Weathertop,blue oak,2023-05-12,md,1.85,2023
2010,LL,Weathertop,blue oak,2023-05-12,pd,0.13,2023
2010,LL,Weathertop,blue oak,2023-05-12,pd,0.1,2023
2010,LL,Weathertop,blue oak,2023-04-14,md,0.758,2023
2010,LL,Weathertop,blue oak,2023-07-28,pd,1.15,2023
2010,LL,Weathertop,blue oak,2023-04-14,pd,0.154,2023
2011,LL,Weathertop,blue oak,2023-07-28,md,3.82,2023
2011,LL,Weathertop,blue oak,2023-04-14,pd,0.225,2023
2011,LL,Weathertop,blue oak,2023-07-28,md,2.8,2023
2011,LL,Weathertop,blue oak,2023-09-29,pd,1.068,2023
2011,LL,Weathertop,blue oak,2023-09-29,pd,0.941,2023
2011,LL,Weathertop,blue oak,2023-07-28,md,2.9,2023
2011,LL,Weathertop,blue oak,2023-07-28,md,3.56,2023
2011,LL,Weathertop,blue oak,2023-09-29,pd,0.875,2023
2011,LL,Weathertop,blue oak,2023-09-29,pd,0.963,2023
2011,LL,Weathertop,blue oak,2023-04-14,md,0.954,2023
2011,LL,Weathertop,blue oak,2023-04-14,md,1.092,2023
2011,LL,Weathertop,blue oak,2023-07-28,md,3.6,2023
2011,LL,Weathertop,blue oak,2023-07-28,md,3.75,2023
2011,LL,Weathertop,blue oak,2023-04-14,md,1.11,2023
2011,LL,Weathertop,blue oak,2023-04-14,pd,0.2,2023
2011,LL,Weathertop,blue oak,2023-04-14,pd,0.2,2023
2011,LL,Weathertop,blue oak,2023-07-28,pd,0.7,2023
2011,LL,Weathertop,blue oak,2023-07-28,pd,0.8,2023
2011,LL,Weathertop,blue oak,2023-05-12,pd,0.31,2023
2011,LL,Weathertop,blue oak,2023-07-28,pd,0.9,2023
2011,LL,Weathertop,blue oak,2023-05-12,pd,0.375,2023
2011,LL,Weathertop,blue oak,2023-05-12,pd,0.35,2023
2011,LL,Weathertop,blue oak,2023-04-14,md,1.201,2023
2012,Cucu Mesa,Low,blue oak,2023-07-28,pd,0.803,2023
2012,Cucu Mesa,Low,blue oak,2023-09-29,pd,0.9,2023
2012,Cucu Mesa,Low,blue oak,2023-04-14,pd,0.512,2023
2012,Cucu Mesa,Low,blue oak,2023-09-29,pd,0.4,2023
2012,Cucu Mesa,Low,blue oak,2023-09-29,pd,0.55,2023
2012,Cucu Mesa,Low,blue oak,2023-04-14,pd,0.458,2023
2012,Cucu Mesa,Low,blue oak,2023-09-29,md,4,2023
2012,Cucu Mesa,Low,blue oak,2023-09-29,pd,0.55,2023
2012,Cucu Mesa,Low,blue oak,2023-07-28,pd,0.998,2023
2012,Cucu Mesa,Low,blue oak,2023-07-28,md,2.006,2023
2012,Cucu Mesa,Low,blue oak,2023-07-28,md,2.025,2023
2012,Cucu Mesa,Low,blue oak,2023-09-29,pd,0.85,2023
2012,Cucu Mesa,Low,blue oak,2023-07-28,md,2.201,2023
2012,Cucu Mesa,Low,blue oak,2023-07-28,pd,0.761,2023
2012,Cucu Mesa,Low,blue oak,2023-04-14,md,1.15,2023
2012,Cucu Mesa,Low,blue oak,2023-04-14,pd,0.489,2023
2012,Cucu Mesa,Low,blue oak,2023-07-28,md,2.216,2023
2012,Cucu Mesa,Low,blue oak,2023-04-14,md,1.15,2023
2012,Cucu Mesa,Low,blue oak,2023-09-29,md,4.15,2023
2012,Cucu Mesa,Low,blue oak,2023-09-29,md,4.1,2023
2012,Cucu Mesa,Low,blue oak,2023-04-14,md,1.15,2023
2013,Cucu Mesa,Low,blue oak,2023-07-28,md,2.55,2023
2013,Cucu Mesa,Low,blue oak,2023-07-28,md,2.431,2023
2013,Cucu Mesa,Low,blue oak,2023-07-28,pd,0.63,2023
2013,Cucu Mesa,Low,blue oak,2023-05-12,md,1.8,2023
2013,Cucu Mesa,Low,blue oak,2023-07-28,pd,0.76,2023
2013,Cucu Mesa,Low,blue oak,2023-05-12,md,1.56,2023
2013,Cucu Mesa,Low,blue oak,2023-07-28,pd,0.51,2023
2013,Cucu Mesa,Low,blue oak,2023-05-12,md,1.5,2023
2013,Cucu Mesa,Low,blue oak,2023-07-28,md,2.547,2023
2013,Cucu Mesa,Low,blue oak,2023-05-12,md,1.9,2023
2013,Cucu Mesa,Low,blue oak,2023-05-12,md,1.65,2023
2013,Cucu Mesa,Low,blue oak,2023-05-12,md,1.3,2023
2013,Cucu Mesa,Low,blue oak,2023-05-12,md,1,2023
2014,Cucu Mesa,Low,blue oak,2023-04-14,pd,0.469,2023
2014,Cucu Mesa,Low,blue oak,2023-04-14,md,1.1,2023
2014,Cucu Mesa,Low,blue oak,2023-04-14,pd,0.316,2023
2014,Cucu Mesa,Low,blue oak,2023-04-14,md,1.05,2023
2014,Cucu Mesa,Low,blue oak,2023-04-14,md,1.45,2023
2014,Cucu Mesa,Low,blue oak,2023-04-14,pd,0.369,2023
2014,Cucu Mesa,Low,blue oak,2023-04-14,md,1.15,2023
2015,Cucu Mesa,Low,blue oak,2023-07-28,md,3.15,2023
2015,Cucu Mesa,Low,blue oak,2023-07-28,md,2.9,2023
2015,Cucu Mesa,Low,blue oak,2023-07-28,md,2.9,2023
2015,Cucu Mesa,Low,blue oak,2023-07-28,md,2.8,2023
2015,Cucu Mesa,Low,blue oak,2023-05-12,pd,0.14,2023
2015,Cucu Mesa,Low,blue oak,2023-04-14,md,1.05,2023
2015,Cucu Mesa,Low,blue oak,2023-04-14,pd,0.59,2023
2015,Cucu Mesa,Low,blue oak,2023-04-14,pd,0.589,2023
2015,Cucu Mesa,Low,blue oak,2023-07-28,pd,2.1,2023
2015,Cucu Mesa,Low,blue oak,2023-07-28,md,2.1,2023
2015,Cucu Mesa,Low,blue oak,2023-07-28,md,2.15,2023
2015,Cucu Mesa,Low,blue oak,2023-05-12,pd,0.2,2023
2015,Cucu Mesa,Low,blue oak,2023-04-14,md,1.05,2023
2015,Cucu Mesa,Low,blue oak,2023-04-14,md,1.15,2023
2015,Cucu Mesa,Low,blue oak,2023-04-14,pd,0.6,2023
2015,Cucu Mesa,Low,blue oak,2023-07-28,md,2.1,2023
2015,Cucu Mesa,Low,blue oak,2023-05-12,pd,0.18,2023
2015,Cucu Mesa,Low,blue oak,2023-07-28,pd,2.1,2023
2015,Cucu Mesa,Low,blue oak,2023-07-28,md,2.75,2023
2015,Cucu Mesa,Low,blue oak,2023-05-12,pd,0.12,2023
2015,Cucu Mesa,Low,blue oak,2023-07-28,pd,2.3,2023
2015,Cucu Mesa,Low,blue oak,2023-05-12,pd,0.14,2023
2015,Cucu Mesa,Low,blue oak,2023-05-12,pd,0.26,2023
2016,Cucu Mesa,Low,blue oak,2023-04-14,md,0.95,2023
2016,Cucu Mesa,Low,blue oak,2023-09-29,pd,0.8,2023
2016,Cucu Mesa,Low,blue oak,2023-09-29,pd,0.7,2023
2016,Cucu Mesa,Low,blue oak,2023-09-29,md,3.05,2023
2016,Cucu Mesa,Low,blue oak,2023-07-28,pd,2.1,2023
2016,Cucu Mesa,Low,blue oak,2023-07-28,md,2.662,2023
2016,Cucu Mesa,Low,blue oak,2023-05-12,pd,0.22,2023
2016,Cucu Mesa,Low,blue oak,2023-09-29,pd,0.4,2023
2016,Cucu Mesa,Low,blue oak,2023-07-28,md,3.102,2023
2016,Cucu Mesa,Low,blue oak,2023-09-29,md,3.425,2023
2016,Cucu Mesa,Low,blue oak,2023-04-14,md,1,2023
2016,Cucu Mesa,Low,blue oak,2023-07-28,pd,1.9,2023
2016,Cucu Mesa,Low,blue oak,2023-07-28,pd,1.1,2023
2016,Cucu Mesa,Low,blue oak,2023-04-14,md,0.65,2023
2016,Cucu Mesa,Low,blue oak,2023-07-28,pd,3.2,2023
2016,Cucu Mesa,Low,blue oak,2023-07-28,md,2.2,2023
2016,Cucu Mesa,Low,blue oak,2023-05-12,md,0.95,2023
2016,Cucu Mesa,Low,blue oak,2023-07-28,md,2.628,2023
2016,Cucu Mesa,Low,blue oak,2023-09-29,md,3.225,2023
2016,Cucu Mesa,Low,blue oak,2023-07-28,pd,2.9,2023
2016,Cucu Mesa,Low,blue oak,2023-05-12,pd,0.24,2023
2016,Cucu Mesa,Low,blue oak,2023-05-12,pd,0.18,2023
2016,Cucu Mesa,Low,blue oak,2023-05-12,pd,0.17,2023
2016,Cucu Mesa,Low,blue oak,2023-09-29,pd,0.95,2023
2016,Cucu Mesa,Low,blue oak,2023-05-12,md,1.6,2023
2016,Cucu Mesa,Low,blue oak,2023-05-12,md,1.3,2023
2016,Cucu Mesa,Low,blue oak,2023-09-29,pd,0.45,2023
2016,Cucu Mesa,Low,blue oak,2023-09-29,md,3.25,2023
2016,Cucu Mesa,Low,blue oak,2023-05-12,md,1.5,2023
2016,Cucu Mesa,Low,blue oak,2023-09-29,pd,0.7,2023
2016,Cucu Mesa,Low,blue oak,2023-05-12,pd,0.28,2023
2016,Cucu Mesa,Low,blue oak,2023-05-12,md,1.1,2023
2020,Chamise,Chamise,blue oak,2023-09-29,pd,1.186,2023
2020,Chamise,Chamise,blue oak,2023-09-29,pd,1.194,2023
2020,Chamise,Chamise,blue oak,2023-05-12,pd,0.231,2023
2020,Chamise,Chamise,blue oak,2023-04-14,md,1.3,2023
2020,Chamise,Chamise,blue oak,2023-04-14,pd,0.4,2023
2020,Chamise,Chamise,blue oak,2023-04-14,pd,0.6,2023
2020,Chamise,Chamise,blue oak,2023-05-12,md,1.1,2023
2020,Chamise,Chamise,blue oak,2023-09-29,pd,1.158,2023
2020,Chamise,Chamise,blue oak,2023-09-29,md,2.9,2023
2020,Chamise,Chamise,blue oak,2023-09-29,md,3,2023
2020,Chamise,Chamise,blue oak,2023-07-28,md,3.061,2023
2020,Chamise,Chamise,blue oak,2023-04-14,md,1.1,2023
2020,Chamise,Chamise,blue oak,2023-09-29,md,2.7,2023
2020,Chamise,Chamise,blue oak,2023-09-29,pd,0.894,2023
2020,Chamise,Chamise,blue oak,2023-09-29,pd,0.841,2023
2020,Chamise,Chamise,blue oak,2023-07-28,md,3.2,2023
2020,Chamise,Chamise,blue oak,2023-05-12,pd,0.31,2023
2020,Chamise,Chamise,blue oak,2023-05-12,md,1.3,2023
2020,Chamise,Chamise,blue oak,2023-04-14,pd,0.35,2023
2020,Chamise,Chamise,blue oak,2023-04-14,pd,0.25,2023
2020,Chamise,Chamise,blue oak,2023-05-12,md,1.4,2023
2020,Chamise,Chamise,blue oak,2023-10-19,md,3.7,2023
2020,Chamise,Chamise,blue oak,2023-05-12,pd,0.275,2023
2020,Chamise,Chamise,blue oak,2023-04-14,md,1.4,2023
2020,Chamise,Chamise,blue oak,2023-07-28,pd,0.589,2023
2020,Chamise,Chamise,blue oak,2023-10-19,md,4,2023
2020,Chamise,Chamise,blue oak,2023-07-28,pd,0.748,2023
2020,Chamise,Chamise,blue oak,2023-07-28,md,3.08,2023
2020,Chamise,Chamise,blue oak,2023-10-19,md,3.8,2023
2020,Chamise,Chamise,blue oak,2023-04-14,pd,0.4,2023
2020,Chamise,Chamise,blue oak,2023-05-12,pd,0.25,2023
2020,Chamise,Chamise,blue oak,2023-05-12,pd,0.25,2023
2020,Chamise,Chamise,blue oak,2023-07-28,pd,0.728,2023
2020,Chamise,Chamise,blue oak,2023-10-19,md,3.4,2023
2021,Chamise,Chamise,blue oak,2023-05-12,pd,0.301,2023
2021,Chamise,Chamise,blue oak,2023-07-28,pd,0.87,2023
2021,Chamise,Chamise,blue oak,2023-10-19,md,3.6,2023
2021,Chamise,Chamise,blue oak,2023-09-29,pd,0.612,2023
2021,Chamise,Chamise,blue oak,2023-09-29,md,2.898,2023
2021,Chamise,Chamise,blue oak,2023-04-14,pd,0.45,2023
2021,Chamise,Chamise,blue oak,2023-07-28,pd,0.73,2023
2021,Chamise,Chamise,blue oak,2023-05-12,pd,0.25,2023
2021,Chamise,Chamise,blue oak,2023-04-14,pd,0.2,2023
2021,Chamise,Chamise,blue oak,2023-07-28,md,2.485,2023
2021,Chamise,Chamise,blue oak,2023-09-29,pd,0.872,2023
2021,Chamise,Chamise,blue oak,2023-07-28,pd,1.38,2023
2021,Chamise,Chamise,blue oak,2023-09-29,md,3.122,2023
2021,Chamise,Chamise,blue oak,2023-04-14,md,1,2023
2021,Chamise,Chamise,blue oak,2023-10-19,md,3.4,2023
2021,Chamise,Chamise,blue oak,2023-09-29,pd,0.561,2023
2021,Chamise,Chamise,blue oak,2023-05-12,md,1.62,2023
2021,Chamise,Chamise,blue oak,2023-07-28,md,2.447,2023
2021,Chamise,Chamise,blue oak,2023-04-14,pd,0.375,2023
2021,Chamise,Chamise,blue oak,2023-04-14,pd,0.2,2023
2021,Chamise,Chamise,blue oak,2023-07-28,pd,0.75,2023
2021,Chamise,Chamise,blue oak,2023-07-28,pd,1.02,2023
2021,Chamise,Chamise,blue oak,2023-04-14,md,1.025,2023
2021,Chamise,Chamise,blue oak,2023-04-14,md,1.025,2023
2021,Chamise,Chamise,blue oak,2023-09-29,md,2.995,2023
2021,Chamise,Chamise,blue oak,2023-04-14,pd,0.175,2023
2021,Chamise,Chamise,blue oak,2023-07-28,pd,1.1,2023
2021,Chamise,Chamise,blue oak,2023-07-28,pd,0.8,2023
2021,Chamise,Chamise,blue oak,2023-05-12,md,1.6,2023
2021,Chamise,Chamise,blue oak,2023-07-28,pd,0.675,2023
2021,Chamise,Chamise,blue oak,2023-05-12,md,1.5,2023
2021,Chamise,Chamise,blue oak,2023-09-29,pd,0.496,2023
2021,Chamise,Chamise,blue oak,2023-07-28,md,2.719,2023
2021,Chamise,Chamise,blue oak,2023-05-12,pd,0.355,2023
2021,Chamise,Chamise,blue oak,2023-10-19,md,3.7,2023
2022,Chamise,Chamise,live oak,2023-05-12,md,1.4,2023
2022,Chamise,Chamise,live oak,2023-10-19,md,2.5,2023
2022,Chamise,Chamise,live oak,2023-09-29,pd,0.865,2023
2022,Chamise,Chamise,live oak,2023-05-12,md,1.4,2023
2022,Chamise,Chamise,live oak,2023-05-12,pd,0.16,2023
2022,Chamise,Chamise,live oak,2023-09-29,md,3.7,2023
2022,Chamise,Chamise,live oak,2023-10-19,md,2.5,2023
2022,Chamise,Chamise,live oak,2023-10-19,md,2.6,2023
2022,Chamise,Chamise,live oak,2023-05-12,pd,0.35,2023
2022,Chamise,Chamise,live oak,2023-05-12,md,1.45,2023
2022,Chamise,Chamise,live oak,2023-04-14,md,0.675,2023
2022,Chamise,Chamise,live oak,2023-05-12,pd,0.29,2023
2022,Chamise,Chamise,live oak,2023-05-12,pd,0.25,2023
2022,Chamise,Chamise,live oak,2023-09-29,pd,0.795,2023
2022,Chamise,Chamise,live oak,2023-09-29,md,3.7,2023
2022,Chamise,Chamise,live oak,2023-09-29,pd,0.599,2023
2022,Chamise,Chamise,live oak,2023-09-29,pd,0.633,2023
2022,Chamise,Chamise,live oak,2023-04-14,md,0.85,2023
2022,Chamise,Chamise,live oak,2023-04-14,pd,0.25,2023
2022,Chamise,Chamise,live oak,2023-07-28,pd,0.286,2023
2022,Chamise,Chamise,live oak,2023-09-29,md,3.45,2023
2022,Chamise,Chamise,live oak,2023-04-14,md,0.675,2023
2022,Chamise,Chamise,live oak,2023-04-14,pd,0.275,2023
2022,Chamise,Chamise,live oak,2023-04-14,pd,0.25,2023
2022,Chamise,Chamise,live oak,2023-07-28,md,1.897,2023
2022,Chamise,Chamise,live oak,2023-04-14,pd,0.15,2023
2022,Chamise,Chamise,live oak,2023-07-28,md,1.9,2023
2022,Chamise,Chamise,live oak,2023-07-28,pd,0.295,2023
2022,Chamise,Chamise,live oak,2023-05-12,pd,0.21,2023
2022,Chamise,Chamise,live oak,2023-07-28,md,1.7,2023
2022,Chamise,Chamise,live oak,2023-04-14,md,0.775,2023
2022,Chamise,Chamise,live oak,2023-05-12,pd,0.26,2023
2022,Chamise,Chamise,live oak,2023-07-28,pd,0.527,2023
2022,Chamise,Chamise,live oak,2023-05-12,pd,0.25,2023
2022,Chamise,Chamise,live oak,2023-04-14,pd,0.2,2023
2023,Chamise,Chamise,live oak,2023-04-14,pd,0.225,2023
2023,Chamise,Chamise,live oak,2023-09-29,md,2.77,2023
2023,Chamise,Chamise,live oak,2023-10-19,md,2.55,2023
2023,Chamise,Chamise,live oak,2023-10-19,md,2.35,2023
2023,Chamise,Chamise,live oak,2023-10-19,md,2.45,2023
2023,Chamise,Chamise,live oak,2023-04-14,pd,0.15,2023
2023,Chamise,Chamise,live oak,2023-07-28,pd,0.45,2023
2023,Chamise,Chamise,live oak,2023-04-14,md,0.85,2023
2023,Chamise,Chamise,live oak,2023-04-14,md,1.175,2023
2023,Chamise,Chamise,live oak,2023-09-29,pd,0.797,2023
2023,Chamise,Chamise,live oak,2023-09-29,md,2.77,2023
2023,Chamise,Chamise,live oak,2023-10-19,md,3,2023
2023,Chamise,Chamise,live oak,2023-09-29,pd,0.586,2023
2023,Chamise,Chamise,live oak,2023-09-29,md,2.5,2023
2023,Chamise,Chamise,live oak,2023-07-28,md,3.3,2023
2023,Chamise,Chamise,live oak,2023-09-29,pd,0.791,2023
2023,Chamise,Chamise,live oak,2023-07-28,pd,0.35,2023
2023,Chamise,Chamise,live oak,2023-09-29,pd,0.631,2023
2023,Chamise,Chamise,live oak,2023-04-14,md,1.05,2023
2023,Chamise,Chamise,live oak,2023-04-14,md,1,2023
2023,Chamise,Chamise,live oak,2023-04-14,pd,0.175,2023
2023,Chamise,Chamise,live oak,2023-09-29,pd,0.388,2023
2023,Chamise,Chamise,live oak,2023-07-28,md,2.04,2023
2023,Chamise,Chamise,live oak,2023-07-28,md,1.84,2023
2023,Chamise,Chamise,live oak,2023-07-28,pd,0.5,2023
2023,Chamise,Chamise,live oak,2023-04-14,pd,0.15,2023
2023,Chamise,Chamise,live oak,2023-07-28,md,1.694,2023
2024,Chamise,Chamise,blue oak,2023-09-29,pd,0.682,2023
2024,Chamise,Chamise,blue oak,2023-09-29,pd,0.493,2023
2024,Chamise,Chamise,blue oak,2023-10-19,md,3.5,2023
2024,Chamise,Chamise,blue oak,2023-07-28,md,2.467,2023
2024,Chamise,Chamise,blue oak,2023-04-14,md,1.05,2023
2024,Chamise,Chamise,blue oak,2023-07-28,pd,0.4,2023
2024,Chamise,Chamise,blue oak,2023-09-29,pd,0.534,2023
2024,Chamise,Chamise,blue oak,2023-09-29,md,3.033,2023
2024,Chamise,Chamise,blue oak,2023-10-19,md,3.7,2023
2024,Chamise,Chamise,blue oak,2023-04-14,md,1.1,2023
2024,Chamise,Chamise,blue oak,2023-05-12,pd,0.225,2023
2024,Chamise,Chamise,blue oak,2023-09-29,pd,0.668,2023
2024,Chamise,Chamise,blue oak,2023-07-28,pd,2.05,2023
2024,Chamise,Chamise,blue oak,2023-09-29,md,3.028,2023
2024,Chamise,Chamise,blue oak,2023-04-14,md,1,2023
2024,Chamise,Chamise,blue oak,2023-07-28,md,2.521,2023
2024,Chamise,Chamise,blue oak,2023-04-14,pd,0.225,2023
2024,Chamise,Chamise,blue oak,2023-07-28,pd,0.8,2023
2024,Chamise,Chamise,blue oak,2023-04-14,pd,0.3,2023
2024,Chamise,Chamise,blue oak,2023-05-12,pd,0.325,2023
2024,Chamise,Chamise,blue oak,2023-10-19,md,3.4,2023
2024,Chamise,Chamise,blue oak,2023-09-29,md,2.789,2023
2024,Chamise,Chamise,blue oak,2023-04-14,pd,0.225,2023
2024,Chamise,Chamise,blue oak,2023-07-28,pd,1.75,2023
2024,Chamise,Chamise,blue oak,2023-05-12,pd,0.321,2023
2024,Chamise,Chamise,blue oak,2023-07-28,md,2.541,2023
2024,Chamise,Chamise,blue oak,2023-09-29,md,2.931,2023
2024,Chamise,Chamise,blue oak,2023-07-28,pd,1.7,2023
2024,Chamise,Chamise,blue oak,2023-05-12,pd,0.5,2023
2024,Chamise,Chamise,blue oak,2023-04-14,pd,0.25,2023
2025,Chamise,Chamise,blue oak,2023-04-14,pd,0.175,2023
2025,Chamise,Chamise,blue oak,2023-05-12,pd,0.255,2023
2025,Chamise,Chamise,blue oak,2023-05-12,pd,0.225,2023
2025,Chamise,Chamise,blue oak,2023-07-28,md,2.527,2023
2025,Chamise,Chamise,blue oak,2023-07-28,pd,1.65,2023
2025,Chamise,Chamise,blue oak,2023-10-19,md,3.5,2023
2025,Chamise,Chamise,blue oak,2023-04-14,md,0.8,2023
2025,Chamise,Chamise,blue oak,2023-07-28,pd,1.4,2023
2025,Chamise,Chamise,blue oak,2023-07-28,md,3.262,2023
2025,Chamise,Chamise,blue oak,2023-07-28,md,3.075,2023
2025,Chamise,Chamise,blue oak,2023-07-28,pd,1.3,2023
2025,Chamise,Chamise,blue oak,2023-05-12,pd,0.225,2023
2025,Chamise,Chamise,blue oak,2023-05-12,pd,0.325,2023
2025,Chamise,Chamise,blue oak,2023-04-14,md,0.9,2023
2025,Chamise,Chamise,blue oak,2023-07-28,md,2.81,2023
2025,Chamise,Chamise,blue oak,2023-04-14,pd,0.175,2023
2025,Chamise,Chamise,blue oak,2023-09-29,pd,1.368,2023
2025,Chamise,Chamise,blue oak,2023-09-29,pd,2.347,2023
2025,Chamise,Chamise,blue oak,2023-10-19,md,4.5,2023
2025,Chamise,Chamise,blue oak,2023-05-12,md,1.625,2023
2025,Chamise,Chamise,blue oak,2023-09-29,md,3.8,2023
2025,Chamise,Chamise,blue oak,2023-04-14,md,0.7,2023
2025,Chamise,Chamise,blue oak,2023-05-12,md,1.55,2023
2025,Chamise,Chamise,blue oak,2023-10-19,md,4.1,2023
2025,Chamise,Chamise,blue oak,2023-09-29,pd,2.16,2023
2025,Chamise,Chamise,blue oak,2023-09-29,md,3.56,2023
2025,Chamise,Chamise,blue oak,2023-09-29,md,3.48,2023
2025,Chamise,Chamise,blue oak,2023-04-14,md,0.9,2023
2025,Chamise,Chamise,blue oak,2023-09-29,pd,1.567,2023
2025,Chamise,Chamise,blue oak,2023-09-29,pd,1.392,2023
2025,Chamise,Chamise,blue oak,2023-04-14,pd,0.175,2023
2025,Chamise,Chamise,blue oak,2023-05-12,pd,0.275,2023
2025,Chamise,Chamise,blue oak,2023-05-12,md,1.55,2023
2025,Chamise,Chamise,blue oak,2023-10-19,md,4.4,2023
2025,Chamise,Chamise,blue oak,2023-05-12,pd,0.275,2023
2026,Chamise,Shedd,blue oak,2023-09-29,pd,0.846,2023
2026,Chamise,Shedd,blue oak,2023-09-29,pd,0.872,2023
2026,Chamise,Shedd,blue oak,2023-07-28,pd,1.4,2023
2026,Chamise,Shedd,blue oak,2023-09-29,pd,0.583,2023
2026,Chamise,Shedd,blue oak,2023-07-28,md,3.649,2023
2026,Chamise,Shedd,blue oak,2023-05-12,pd,0.425,2023
2026,Chamise,Shedd,blue oak,2023-07-28,pd,0.9,2023
2026,Chamise,Shedd,blue oak,2023-07-28,md,2.753,2023
2026,Chamise,Shedd,blue oak,2023-09-29,md,3.7,2023
2026,Chamise,Shedd,blue oak,2023-04-14,pd,0.175,2023
2026,Chamise,Shedd,blue oak,2023-07-28,pd,0.9,2023
2026,Chamise,Shedd,blue oak,2023-04-14,md,1.3,2023
2026,Chamise,Shedd,blue oak,2023-07-28,md,3.751,2023
2026,Chamise,Shedd,blue oak,2023-09-29,md,4.25,2023
2026,Chamise,Shedd,blue oak,2023-04-14,md,1.65,2023
2026,Chamise,Shedd,blue oak,2023-04-14,pd,0.175,2023
2026,Chamise,Shedd,blue oak,2023-09-29,pd,0.796,2023
2026,Chamise,Shedd,blue oak,2023-04-14,pd,0.2,2023
2026,Chamise,Shedd,blue oak,2023-09-29,md,3.48,2023
2026,Chamise,Shedd,blue oak,2023-05-12,pd,0.601,2023
2026,Chamise,Shedd,blue oak,2023-05-12,pd,0.45,2023
2026,Chamise,Shedd,blue oak,2023-05-12,pd,0.375,2023
2026,Chamise,Shedd,blue oak,2023-04-14,md,1.45,2023
2026,Chamise,Shedd,blue oak,2023-07-28,pd,0.7,2023
2026,Chamise,Shedd,blue oak,2023-07-28,md,3.513,2023
2026,Chamise,Shedd,blue oak,2023-05-12,md,1.25,2023
2026,Chamise,Shedd,blue oak,2023-04-14,md,1.45,2023
2026,Chamise,Shedd,blue oak,2023-07-28,pd,0.7,2023
2026,Chamise,Shedd,blue oak,2023-09-29,md,4.07,2023
2026,Chamise,Shedd,blue oak,2023-05-12,md,1.4,2023
2026,Chamise,Shedd,blue oak,2023-10-19,md,3.9,2023
2026,Chamise,Shedd,blue oak,2023-10-19,md,4.1,2023
2026,Chamise,Shedd,blue oak,2023-05-12,md,1.35,2023
2026,Chamise,Shedd,blue oak,2023-10-19,md,4.2,2023
2027,Chamise,Shedd,blue oak,2023-07-28,md,3.345,2023
2027,Chamise,Shedd,blue oak,2023-07-28,pd,2.65,2023
2027,Chamise,Shedd,blue oak,2023-07-28,md,2.279,2023
2027,Chamise,Shedd,blue oak,2023-09-29,pd,1.607,2023
2027,Chamise,Shedd,blue oak,2023-07-28,md,3.487,2023
2027,Chamise,Shedd,blue oak,2023-09-29,pd,1.388,2023
2027,Chamise,Shedd,blue oak,2023-07-28,md,3.031,2023
2027,Chamise,Shedd,blue oak,2023-04-14,pd,0.2,2023
2027,Chamise,Shedd,blue oak,2023-07-28,pd,2.5,2023
2027,Chamise,Shedd,blue oak,2023-09-29,md,3.1,2023
2027,Chamise,Shedd,blue oak,2023-07-28,pd,2.95,2023
2027,Chamise,Shedd,blue oak,2023-04-14,pd,0.15,2023
2027,Chamise,Shedd,blue oak,2023-05-12,pd,0.355,2023
2027,Chamise,Shedd,blue oak,2023-05-12,pd,0.381,2023
2027,Chamise,Shedd,blue oak,2023-04-14,md,1.15,2023
2027,Chamise,Shedd,blue oak,2023-09-29,md,2.9,2023
2027,Chamise,Shedd,blue oak,2023-09-29,pd,2.784,2023
2027,Chamise,Shedd,blue oak,2023-04-14,pd,0.2,2023
2027,Chamise,Shedd,blue oak,2023-05-12,pd,0.34,2023
2027,Chamise,Shedd,blue oak,2023-09-29,md,2.85,2023
2027,Chamise,Shedd,blue oak,2023-04-14,md,1.35,2023
2027,Chamise,Shedd,blue oak,2023-09-29,pd,1.434,2023
2027,Chamise,Shedd,blue oak,2023-10-19,md,3.05,2023
2027,Chamise,Shedd,blue oak,2023-04-14,md,1.15,2023
2027,Chamise,Shedd,blue oak,2023-10-19,md,3.1,2023
2027,Chamise,Shedd,blue oak,2023-09-29,pd,2.044,2023
2027,Chamise,Shedd,blue oak,2023-10-19,md,2.95,2023
2027,Chamise,Shedd,blue oak,2023-10-19,md,2.9,2023
2028,Chamise,Shedd,blue oak,2023-07-28,md,3.89,2023
2028,Chamise,Shedd,blue oak,2023-07-28,md,3.661,2023
2028,Chamise,Shedd,blue oak,2023-09-29,md,3.4,2023
2028,Chamise,Shedd,blue oak,2023-07-28,pd,1.7,2023
2028,Chamise,Shedd,blue oak,2023-07-28,pd,1.39,2023
2028,Chamise,Shedd,blue oak,2023-07-28,pd,1.6,2023
2028,Chamise,Shedd,blue oak,2023-07-28,md,3.523,2023
2028,Chamise,Shedd,blue oak,2023-04-14,md,1.25,2023
2028,Chamise,Shedd,blue oak,2023-09-29,pd,1.549,2023
2028,Chamise,Shedd,blue oak,2023-09-29,pd,1.382,2023
2028,Chamise,Shedd,blue oak,2023-09-29,md,3.45,2023
2028,Chamise,Shedd,blue oak,2023-04-14,pd,0.275,2023
2028,Chamise,Shedd,blue oak,2023-04-14,pd,0.225,2023
2028,Chamise,Shedd,blue oak,2023-04-14,md,1.225,2023
2028,Chamise,Shedd,blue oak,2023-07-28,pd,1.3,2023
2028,Chamise,Shedd,blue oak,2023-04-14,pd,0.225,2023
2028,Chamise,Shedd,blue oak,2023-09-29,pd,1.448,2023
2028,Chamise,Shedd,blue oak,2023-10-19,md,3.65,2023
2028,Chamise,Shedd,blue oak,2023-05-12,pd,0.375,2023
2028,Chamise,Shedd,blue oak,2023-05-12,pd,0.1,2023
2028,Chamise,Shedd,blue oak,2023-10-19,md,3.55,2023
2028,Chamise,Shedd,blue oak,2023-04-14,pd,0.175,2023
2028,Chamise,Shedd,blue oak,2023-09-29,pd,1.628,2023
2028,Chamise,Shedd,blue oak,2023-05-12,pd,0.275,2023
2028,Chamise,Shedd,blue oak,2023-10-19,md,3.8,2023
2028,Chamise,Shedd,blue oak,2023-05-12,pd,0.15,2023
2028,Chamise,Shedd,blue oak,2023-05-12,md,1.15,2023
2028,Chamise,Shedd,blue oak,2023-04-14,md,1.2,2023
2028,Chamise,Shedd,blue oak,2023-09-29,md,3.1,2023
2028,Chamise,Shedd,blue oak,2023-05-12,pd,0.4,2023
2028,Chamise,Shedd,blue oak,2023-05-12,md,1.05,2023
2028,Chamise,Shedd,blue oak,2023-05-12,md,1.15,2023
2029,Chamise,Shedd,live oak,2023-10-19,md,2.6,2023
2029,Chamise,Shedd,live oak,2023-05-12,md,1.2,2023
2029,Chamise,Shedd,live oak,2023-05-12,md,1.2,2023
2029,Chamise,Shedd,live oak,2023-04-14,md,0.9,2023
2029,Chamise,Shedd,live oak,2023-05-12,md,0.85,2023
2029,Chamise,Shedd,live oak,2023-07-28,md,2.124,2023
2029,Chamise,Shedd,live oak,2023-07-28,md,1.592,2023
2029,Chamise,Shedd,live oak,2023-09-29,pd,0.482,2023
2029,Chamise,Shedd,live oak,2023-07-28,pd,0.455,2023
2029,Chamise,Shedd,live oak,2023-05-12,md,1.15,2023
2029,Chamise,Shedd,live oak,2023-07-28,md,2.471,2023
2029,Chamise,Shedd,live oak,2023-04-14,md,0.8,2023
2029,Chamise,Shedd,live oak,2023-10-19,md,2.1,2023
2029,Chamise,Shedd,live oak,2023-04-14,md,0.8,2023
2029,Chamise,Shedd,live oak,2023-07-28,md,2.842,2023
2029,Chamise,Shedd,live oak,2023-09-29,md,3.12,2023
2029,Chamise,Shedd,live oak,2023-09-29,pd,0.684,2023
2029,Chamise,Shedd,live oak,2023-09-29,md,1.5,2023
2029,Chamise,Shedd,live oak,2023-07-28,pd,0.362,2023
2029,Chamise,Shedd,live oak,2023-10-19,md,2.5,2023
2029,Chamise,Shedd,live oak,2023-10-19,md,2.7,2023
2029,Chamise,Shedd,live oak,2023-09-29,md,1.4,2023
2029,Chamise,Shedd,live oak,2023-09-29,md,2,2023
2029,Chamise,Shedd,live oak,2023-07-28,pd,0.407,2023
2029,Chamise,Shedd,live oak,2023-09-29,pd,0.42,2023
2029,Chamise,Shedd,live oak,2023-04-14,pd,0.3,2023
2029,Chamise,Shedd,live oak,2023-04-14,md,0.95,2023
2029,Chamise,Shedd,live oak,2023-09-29,pd,0.668,2023
2029,Chamise,Shedd,live oak,2023-09-29,pd,0.547,2023
2029,Chamise,Shedd,live oak,2023-09-29,md,2.4,2023
2029,Chamise,Shedd,live oak,2023-04-14,pd,0.3,2023
2029,Chamise,Shedd,live oak,2023-04-14,pd,0.3,2023
2029,Chamise,Shedd,live oak,2023-09-29,md,2.91,2023
2030,Chamise,Shedd,live oak,2023-05-12,md,0.95,2023
2030,Chamise,Shedd,live oak,2023-05-12,md,0.95,2023
2030,Chamise,Shedd,live oak,2023-10-19,md,2.3,2023
2030,Chamise,Shedd,live oak,2023-10-19,md,2.85,2023
2030,Chamise,Shedd,live oak,2023-04-14,md,1.675,2023
2030,Chamise,Shedd,live oak,2023-04-14,md,1.5,2023
2030,Chamise,Shedd,live oak,2023-10-19,md,2.45,2023
2030,Chamise,Shedd,live oak,2023-10-19,md,2.3,2023
2030,Chamise,Shedd,live oak,2023-04-14,pd,0.35,2023
2030,Chamise,Shedd,live oak,2023-04-14,pd,0.3,2023
2030,Chamise,Shedd,live oak,2023-05-12,md,0.9,2023
2030,Chamise,Shedd,live oak,2023-04-14,pd,0.2,2023
2030,Chamise,Shedd,live oak,2023-09-29,pd,0.672,2023
2030,Chamise,Shedd,live oak,2023-09-29,pd,0.382,2023
2030,Chamise,Shedd,live oak,2023-09-29,pd,0.387,2023
2030,Chamise,Shedd,live oak,2023-05-12,pd,0.24,2023
2030,Chamise,Shedd,live oak,2023-09-29,pd,0.621,2023
2030,Chamise,Shedd,live oak,2023-09-29,pd,0.28,2023
2030,Chamise,Shedd,live oak,2023-07-28,md,2.93,2023
2030,Chamise,Shedd,live oak,2023-07-28,pd,0.34,2023
2030,Chamise,Shedd,live oak,2023-05-12,pd,0.25,2023
2030,Chamise,Shedd,live oak,2023-04-14,pd,0.35,2023
2030,Chamise,Shedd,live oak,2023-09-29,md,2.33,2023
2030,Chamise,Shedd,live oak,2023-09-29,pd,0.484,2023
2030,Chamise,Shedd,live oak,2023-07-28,md,2.64,2023
2030,Chamise,Shedd,live oak,2023-05-12,pd,0.261,2023
2030,Chamise,Shedd,live oak,2023-09-29,md,1.878,2023
2030,Chamise,Shedd,live oak,2023-07-28,pd,0.255,2023
2030,Chamise,Shedd,live oak,2023-09-29,md,2.07,2023
2030,Chamise,Shedd,live oak,2023-09-29,md,2.091,2023
2030,Chamise,Shedd,live oak,2023-04-14,md,1.5,2023
2030,Chamise,Shedd,live oak,2023-07-28,pd,0.249,2023
2030,Chamise,Shedd,live oak,2023-07-28,md,2.747,2023
2031,Chamise,Shedd,blue oak,2023-09-29,pd,0.737,2023
2031,Chamise,Shedd,blue oak,2023-04-14,pd,0.3,2023
2031,Chamise,Shedd,blue oak,2023-09-29,md,1.6,2023
2031,Chamise,Shedd,blue oak,2023-09-29,md,1.37,2023
2031,Chamise,Shedd,blue oak,2023-05-12,pd,0.42,2023
2031,Chamise,Shedd,blue oak,2023-10-19,md,2.1,2023
2031,Chamise,Shedd,blue oak,2023-10-19,md,2.01,2023
2031,Chamise,Shedd,blue oak,2023-09-29,md,1.8,2023
2031,Chamise,Shedd,blue oak,2023-05-12,pd,0.321,2023
2031,Chamise,Shedd,blue oak,2023-10-19,md,3.4,2023
2031,Chamise,Shedd,blue oak,2023-04-14,md,1.3,2023
2031,Chamise,Shedd,blue oak,2023-04-14,pd,0.25,2023
2031,Chamise,Shedd,blue oak,2023-10-19,md,2.1,2023
2031,Chamise,Shedd,blue oak,2023-04-14,md,1.4,2023
2031,Chamise,Shedd,blue oak,2023-04-14,md,1.2,2023
2031,Chamise,Shedd,blue oak,2023-04-14,pd,0.3,2023
2031,Chamise,Shedd,blue oak,2023-07-28,pd,1.491,2023
2031,Chamise,Shedd,blue oak,2023-07-28,pd,1.52,2023
2031,Chamise,Shedd,blue oak,2023-09-29,pd,0.71,2023
2031,Chamise,Shedd,blue oak,2023-07-28,md,2.954,2023
2031,Chamise,Shedd,blue oak,2023-09-29,md,1.26,2023
2031,Chamise,Shedd,blue oak,2023-05-12,pd,0.401,2023
2031,Chamise,Shedd,blue oak,2023-09-29,pd,0.632,2023
2031,Chamise,Shedd,blue oak,2023-07-28,md,3.039,2023
2031,Chamise,Shedd,blue oak,2023-09-29,pd,0.809,2023
2031,Chamise,Shedd,blue oak,2023-07-28,pd,1.29,2023
2031,Chamise,Shedd,blue oak,2023-09-29,pd,0.496,2023
2031,Chamise,Shedd,blue oak,2023-07-28,md,3.14,2023
2031,Chamise,Shedd,blue oak,2023-09-29,pd,1.136,2023
2085,PineNeedle,Low,blue oak,2023-05-12,pd,0.35,2023
2085,PineNeedle,Low,blue oak,2023-04-14,pd,0.613,2023
2085,PineNeedle,Low,blue oak,2023-07-28,md,1.9,2023
2085,PineNeedle,Low,blue oak,2023-07-28,md,1.95,2023
2085,PineNeedle,Low,blue oak,2023-04-14,md,0.55,2023
2085,PineNeedle,Low,blue oak,2023-04-14,md,0.86,2023
2085,PineNeedle,Low,blue oak,2023-04-14,md,1.05,2023
2085,PineNeedle,Low,blue oak,2023-04-14,pd,0.677,2023
2085,PineNeedle,Low,blue oak,2023-05-12,md,2.45,2023
2085,PineNeedle,Low,blue oak,2023-05-12,pd,0.31,2023
2085,PineNeedle,Low,blue oak,2023-09-29,md,1.95,2023
2085,PineNeedle,Low,blue oak,2023-07-28,pd,1.4,2023
2085,PineNeedle,Low,blue oak,2023-09-29,md,1.65,2023
2085,PineNeedle,Low,blue oak,2023-05-12,pd,0.31,2023
2085,PineNeedle,Low,blue oak,2023-07-28,pd,0.9,2023
2085,PineNeedle,Low,blue oak,2023-07-28,pd,0.8,2023
2085,PineNeedle,Low,blue oak,2023-05-12,md,2.4,2023
2085,PineNeedle,Low,blue oak,2023-09-29,md,2.25,2023
2085,PineNeedle,Low,blue oak,2023-09-29,pd,0.5,2023
2085,PineNeedle,Low,blue oak,2023-04-14,md,0.9,2023
2085,PineNeedle,Low,blue oak,2023-05-12,md,2.4,2023
2085,PineNeedle,Low,blue oak,2023-09-29,pd,0.4,2023
2085,PineNeedle,Low,blue oak,2023-04-14,pd,0.613,2023
2085,PineNeedle,Low,blue oak,2023-09-29,md,2.15,2023
2085,PineNeedle,Low,blue oak,2023-07-28,md,1.7,2023
2085,PineNeedle,Low,blue oak,2023-09-29,pd,0.45,2023
2085,PineNeedle,Low,blue oak,2023-09-29,pd,0.45,2023
2086,PineNeedle,Low,blue oak,2023-09-29,pd,0.7,2023
2086,PineNeedle,Low,blue oak,2023-07-28,md,1.95,2023
2086,PineNeedle,Low,blue oak,2023-04-14,pd,0.503,2023
2086,PineNeedle,Low,blue oak,2023-09-29,md,1.9,2023
2086,PineNeedle,Low,blue oak,2023-07-28,md,2.15,2023
2086,PineNeedle,Low,blue oak,2023-05-12,md,2.1,2023
2086,PineNeedle,Low,blue oak,2023-04-14,pd,0.543,2023
2086,PineNeedle,Low,blue oak,2023-04-14,pd,0.523,2023
2086,PineNeedle,Low,blue oak,2023-07-28,md,2.3,2023
2086,PineNeedle,Low,blue oak,2023-04-14,md,0.71,2023
2086,PineNeedle,Low,blue oak,2023-09-29,md,1.6,2023
2086,PineNeedle,Low,blue oak,2023-09-29,md,1.85,2023
2086,PineNeedle,Low,blue oak,2023-05-12,md,2.15,2023
2086,PineNeedle,Low,blue oak,2023-09-29,md,1.8,2023
2086,PineNeedle,Low,blue oak,2023-09-29,pd,0.85,2023
2086,PineNeedle,Low,blue oak,2023-05-12,md,2.4,2023
2086,PineNeedle,Low,blue oak,2023-07-28,md,2.35,2023
2086,PineNeedle,Low,blue oak,2023-04-14,md,0.75,2023
2086,PineNeedle,Low,blue oak,2023-07-28,md,2.6,2023
2086,PineNeedle,Low,blue oak,2023-09-29,pd,0.75,2023
2086,PineNeedle,Low,blue oak,2023-07-28,pd,0.663,2023
2086,PineNeedle,Low,blue oak,2023-04-14,md,0.89,2023
2086,PineNeedle,Low,blue oak,2023-07-28,pd,0.948,2023
2086,PineNeedle,Low,blue oak,2023-07-28,pd,0.748,2023
2087,PineNeedle,Low,blue oak,2023-09-29,pd,0.3,2023
2087,PineNeedle,Low,blue oak,2023-07-28,md,2.387,2023
2087,PineNeedle,Low,blue oak,2023-09-29,pd,0.8,2023
2087,PineNeedle,Low,blue oak,2023-04-14,md,1.101,2023
2087,PineNeedle,Low,blue oak,2023-07-28,md,2.506,2023
2087,PineNeedle,Low,blue oak,2023-09-29,pd,0.55,2023
2087,PineNeedle,Low,blue oak,2023-07-28,md,1.318,2023
2087,PineNeedle,Low,blue oak,2023-09-29,md,2.565,2023
2087,PineNeedle,Low,blue oak,2023-07-28,md,2.128,2023
2087,PineNeedle,Low,blue oak,2023-09-29,pd,0.35,2023
2087,PineNeedle,Low,blue oak,2023-07-28,md,2.182,2023
2087,PineNeedle,Low,blue oak,2023-04-14,md,1.228,2023
2087,PineNeedle,Low,blue oak,2023-09-29,md,2.95,2023
2087,PineNeedle,Low,blue oak,2023-07-28,pd,0.548,2023
2087,PineNeedle,Low,blue oak,2023-04-14,md,1.134,2023
2087,PineNeedle,Low,blue oak,2023-09-29,pd,0.55,2023
2087,PineNeedle,Low,blue oak,2023-05-12,md,2.3,2023
2087,PineNeedle,Low,blue oak,2023-07-28,pd,0.668,2023
2087,PineNeedle,Low,blue oak,2023-05-12,md,2.04,2023
2087,PineNeedle,Low,blue oak,2023-07-28,md,1.94,2023
2087,PineNeedle,Low,blue oak,2023-09-29,md,2.65,2023
2087,PineNeedle,Low,blue oak,2023-07-28,md,1.798,2023
2087,PineNeedle,Low,blue oak,2023-05-12,md,2.09,2023
2087,PineNeedle,Low,blue oak,2023-05-12,md,2.33,2023
2087,PineNeedle,Low,blue oak,2023-07-28,md,1.865,2023
2087,PineNeedle,Low,blue oak,2023-04-14,md,1.634,2023
2087,PineNeedle,Low,blue oak,2023-07-28,pd,0.819,2023
2087,PineNeedle,Low,blue oak,2023-05-12,pd,0.34,2023
2087,PineNeedle,Low,blue oak,2023-05-12,md,2.2,2023
2087,PineNeedle,Low,blue oak,2023-05-12,pd,0.31,2023
2087,PineNeedle,Low,blue oak,2023-05-12,pd,0.325,2023
2087,PineNeedle,Low,blue oak,2023-05-12,pd,0.375,2023
2088,PineNeedle,Low,blue oak,2023-04-14,pd,0.498,2023
2088,PineNeedle,Low,blue oak,2023-09-29,md,2.5,2023
2088,PineNeedle,Low,blue oak,2023-09-29,pd,0.7,2023
2088,PineNeedle,Low,blue oak,2023-09-29,md,2.75,2023
2088,PineNeedle,Low,blue oak,2023-07-28,pd,0.383,2023
2088,PineNeedle,Low,blue oak,2023-04-14,pd,0.538,2023
2088,PineNeedle,Low,blue oak,2023-09-29,md,2.8,2023
2088,PineNeedle,Low,blue oak,2023-04-14,md,1.35,2023
2088,PineNeedle,Low,blue oak,2023-04-14,md,0.99,2023
2088,PineNeedle,Low,blue oak,2023-09-29,pd,0.5,2023
2088,PineNeedle,Low,blue oak,2023-09-29,pd,0.5,2023
2088,PineNeedle,Low,blue oak,2023-05-12,md,1.35,2023
2088,PineNeedle,Low,blue oak,2023-05-12,md,1.5,2023
2088,PineNeedle,Low,blue oak,2023-04-14,md,0.88,2023
2088,PineNeedle,Low,blue oak,2023-05-12,pd,0.325,2023
2088,PineNeedle,Low,blue oak,2023-04-14,md,1.22,2023
2088,PineNeedle,Low,blue oak,2023-05-12,pd,0.25,2023
2088,PineNeedle,Low,blue oak,2023-04-14,md,1.46,2023
2088,PineNeedle,Low,blue oak,2023-05-12,pd,0.306,2023
2088,PineNeedle,Low,blue oak,2023-07-28,pd,0.496,2023
2088,PineNeedle,Low,blue oak,2023-07-28,pd,0.855,2023
2088,PineNeedle,Low,blue oak,2023-05-12,md,1.1,2023
2088,PineNeedle,Low,blue oak,2023-04-14,pd,0.507,2023
2088,PineNeedle,Low,blue oak,2023-04-14,pd,0.614,2023
2088,PineNeedle,Low,blue oak,2023-09-29,pd,0.55,2023
2088,PineNeedle,Low,blue oak,2023-04-14,pd,0.369,2023
2088,PineNeedle,Low,blue oak,2023-07-28,pd,0.894,2023
2088,PineNeedle,Low,blue oak,2023-07-28,md,1.898,2023
2088,PineNeedle,Low,blue oak,2023-07-28,md,2.179,2023
2088,PineNeedle,Low,blue oak,2023-07-28,md,1.88,2023
2089,PineNeedle,Low,live oak,2023-04-14,md,2.24,2023
2089,PineNeedle,Low,live oak,2023-04-14,md,1.52,2023
2089,PineNeedle,Low,live oak,2023-04-14,md,2.36,2023
2089,PineNeedle,Low,live oak,2023-09-29,md,1.757,2023
2089,PineNeedle,Low,live oak,2023-09-29,pd,0.3,2023
2089,PineNeedle,Low,live oak,2023-09-29,md,1.35,2023
2089,PineNeedle,Low,live oak,2023-04-14,md,1.98,2023
2089,PineNeedle,Low,live oak,2023-04-14,pd,0.514,2023
2089,PineNeedle,Low,live oak,2023-05-12,pd,0.14,2023
2089,PineNeedle,Low,live oak,2023-04-14,pd,0.328,2023
2089,PineNeedle,Low,live oak,2023-05-12,pd,0.13,2023
2089,PineNeedle,Low,live oak,2023-09-29,pd,0.3,2023
2089,PineNeedle,Low,live oak,2023-07-28,pd,0.5,2023
2089,PineNeedle,Low,live oak,2023-09-29,pd,0.25,2023
2089,PineNeedle,Low,live oak,2023-04-14,pd,0.489,2023
2089,PineNeedle,Low,live oak,2023-05-12,md,2.1,2023
2089,PineNeedle,Low,live oak,2023-07-28,pd,0.3,2023
2089,PineNeedle,Low,live oak,2023-05-12,pd,0.19,2023
2089,PineNeedle,Low,live oak,2023-05-12,md,2.3,2023
2089,PineNeedle,Low,live oak,2023-07-28,pd,0.75,2023
2089,PineNeedle,Low,live oak,2023-09-29,md,1.55,2023
2089,PineNeedle,Low,live oak,2023-04-14,pd,0.389,2023
2089,PineNeedle,Low,live oak,2023-07-28,pd,1.1,2023
2089,PineNeedle,Low,live oak,2023-09-29,md,1.45,2023
2089,PineNeedle,Low,live oak,2023-05-12,md,2,2023
2090,PineNeedle,Low,blue oak,2023-09-29,pd,0.65,2023
2090,PineNeedle,Low,blue oak,2023-09-29,md,2.5,2023
2090,PineNeedle,Low,blue oak,2023-07-28,md,1.731,2023
2090,PineNeedle,Low,blue oak,2023-07-28,md,2.258,2023
2090,PineNeedle,Low,blue oak,2023-07-28,md,2.51,2023
2090,PineNeedle,Low,blue oak,2023-09-29,pd,0.6,2023
2090,PineNeedle,Low,blue oak,2023-04-14,md,1.12,2023
2090,PineNeedle,Low,blue oak,2023-04-14,md,0.95,2023
2090,PineNeedle,Low,blue oak,2023-09-29,md,2.6,2023
2090,PineNeedle,Low,blue oak,2023-07-28,md,3.012,2023
2090,PineNeedle,Low,blue oak,2023-05-12,md,2.6,2023
2090,PineNeedle,Low,blue oak,2023-04-14,pd,0.266,2023
2090,PineNeedle,Low,blue oak,2023-04-14,md,1.54,2023
2090,PineNeedle,Low,blue oak,2023-09-29,md,2.8,2023
2090,PineNeedle,Low,blue oak,2023-04-14,pd,0.33,2023
2090,PineNeedle,Low,blue oak,2023-07-28,md,2.06,2023
2090,PineNeedle,Low,blue oak,2023-09-29,pd,0.7,2023
2090,PineNeedle,Low,blue oak,2023-07-28,md,2.523,2023
2090,PineNeedle,Low,blue oak,2023-04-14,md,1.01,2023
2090,PineNeedle,Low,blue oak,2023-09-29,pd,0.35,2023
2090,PineNeedle,Low,blue oak,2023-04-14,pd,0.334,2023
2090,PineNeedle,Low,blue oak,2023-05-12,md,2.4,2023
2090,PineNeedle,Low,blue oak,2023-05-12,md,2.5,2023
2091,PineNeedle,Low,live oak,2023-09-29,pd,0.4,2023
2091,PineNeedle,Low,live oak,2023-04-14,md,0.7,2023
2091,PineNeedle,Low,live oak,2023-04-14,md,1,2023
2091,PineNeedle,Low,live oak,2023-05-12,pd,0.14,2023
2091,PineNeedle,Low,live oak,2023-09-29,pd,0.25,2023
2091,PineNeedle,Low,live oak,2023-04-14,md,1.08,2023
2091,PineNeedle,Low,live oak,2023-09-29,pd,0.3,2023
2091,PineNeedle,Low,live oak,2023-09-29,md,1.85,2023
2091,PineNeedle,Low,live oak,2023-09-29,md,2.15,2023
2091,PineNeedle,Low,live oak,2023-07-28,md,1.402,2023
2091,PineNeedle,Low,live oak,2023-04-14,pd,0.227,2023
2091,PineNeedle,Low,live oak,2023-09-29,pd,0.5,2023
2091,PineNeedle,Low,live oak,2023-07-28,md,1.763,2023
2091,PineNeedle,Low,live oak,2023-07-28,md,1.689,2023
2091,PineNeedle,Low,live oak,2023-04-14,pd,0.193,2023
2091,PineNeedle,Low,live oak,2023-04-14,md,0.76,2023
2091,PineNeedle,Low,live oak,2023-05-12,pd,0.16,2023
2091,PineNeedle,Low,live oak,2023-04-14,pd,0.28,2023
2091,PineNeedle,Low,live oak,2023-09-29,pd,0.3,2023
2091,PineNeedle,Low,live oak,2023-09-29,md,1.75,2023
2091,PineNeedle,Low,live oak,2023-07-28,md,1.763,2023
2091,PineNeedle,Low,live oak,2023-07-28,md,1.689,2023
2091,PineNeedle,Low,live oak,2023-07-28,md,1.402,2023
2091,PineNeedle,Low,live oak,2023-07-28,pd,0.529,2023
2091,PineNeedle,Low,live oak,2023-07-28,pd,0.555,2023
2091,PineNeedle,Low,live oak,2023-07-28,pd,0.347,2023
2091,PineNeedle,Low,live oak,2023-05-12,pd,0.12,2023
2092,PineNeedle,Low,live oak,2023-09-29,pd,0.25,2023
2092,PineNeedle,Low,live oak,2023-04-14,md,1.19,2023
2092,PineNeedle,Low,live oak,2023-09-29,md,1.75,2023
2092,PineNeedle,Low,live oak,2023-07-28,pd,0.57,2023
2092,PineNeedle,Low,live oak,2023-04-14,md,1.28,2023
2092,PineNeedle,Low,live oak,2023-07-28,md,2.1,2023
2092,PineNeedle,Low,live oak,2023-09-29,pd,0.3,2023
2092,PineNeedle,Low,live oak,2023-07-28,pd,0.7,2023
2092,PineNeedle,Low,live oak,2023-07-28,pd,0.25,2023
2092,PineNeedle,Low,live oak,2023-04-14,md,1.2,2023
2092,PineNeedle,Low,live oak,2023-09-29,md,1.7,2023
2092,PineNeedle,Low,live oak,2023-09-29,pd,0.25,2023
2092,PineNeedle,Low,live oak,2023-09-29,md,1.575,2023
2092,PineNeedle,Low,live oak,2023-07-28,md,2.35,2023
2092,PineNeedle,Low,live oak,2023-04-14,pd,0.591,2023
2092,PineNeedle,Low,live oak,2023-07-28,pd,1.45,2023
2092,PineNeedle,Low,live oak,2023-04-14,pd,0.871,2023
2092,PineNeedle,Low,live oak,2023-07-28,md,2.4,2023
2092,PineNeedle,Low,live oak,2023-04-14,pd,0.748,2023
2092,PineNeedle,Low,live oak,2023-05-12,pd,0.13,2023
2092,PineNeedle,Low,live oak,2023-07-28,pd,0.92,2023
2092,PineNeedle,Low,live oak,2023-04-14,pd,0.801,2023
2092,PineNeedle,Low,live oak,2023-07-28,pd,1.41,2023
2092,PineNeedle,Low,live oak,2023-05-12,pd,0.17,2023
2092,PineNeedle,Low,live oak,2023-05-12,md,1.55,2023
2092,PineNeedle,Low,live oak,2023-07-28,pd,1.07,2023
2092,PineNeedle,Low,live oak,2023-05-12,pd,0.14,2023
2092,PineNeedle,Low,live oak,2023-05-12,md,1.8,2023
2092,PineNeedle,Low,live oak,2023-05-12,md,1.5,2023
2093,PineNeedle,Low,live oak,2023-09-29,md,2.25,2023
2093,PineNeedle,Low,live oak,2023-09-29,md,2.25,2023
2093,PineNeedle,Low,live oak,2023-04-14,md,0.8,2023
2093,PineNeedle,Low,live oak,2023-05-12,pd,0.375,2023
2093,PineNeedle,Low,live oak,2023-07-28,md,1.6,2023
2093,PineNeedle,Low,live oak,2023-05-12,pd,0.325,2023
2093,PineNeedle,Low,live oak,2023-04-14,pd,0.29,2023
2093,PineNeedle,Low,live oak,2023-04-14,md,0.75,2023
2093,PineNeedle,Low,live oak,2023-04-14,pd,0.366,2023
2093,PineNeedle,Low,live oak,2023-04-14,pd,0.45,2023
2093,PineNeedle,Low,live oak,2023-09-29,pd,0.25,2023
2093,PineNeedle,Low,live oak,2023-09-29,md,2.45,2023
2093,PineNeedle,Low,live oak,2023-09-29,pd,0.3,2023
2093,PineNeedle,Low,live oak,2023-09-29,pd,0.2,2023
2093,PineNeedle,Low,live oak,2023-04-14,md,1.026,2023
2093,PineNeedle,Low,live oak,2023-07-28,md,1.61,2023
2093,PineNeedle,Low,live oak,2023-07-28,md,1.85,2023
2093,PineNeedle,Low,live oak,2023-07-28,pd,0.418,2023
2093,PineNeedle,Low,live oak,2023-07-28,pd,0.263,2023
2093,PineNeedle,Low,live oak,2023-04-14,md,1.22,2023
2093,PineNeedle,Low,live oak,2023-07-28,md,2.05,2023
2093,PineNeedle,Low,live oak,2023-09-29,pd,0.2,2023
2093,PineNeedle,Low,live oak,2023-05-12,pd,0.31,2023
2093,PineNeedle,Low,live oak,2023-04-14,pd,0.399,2023
2093,PineNeedle,Low,live oak,2023-07-28,md,2.5,2023
2093,PineNeedle,Low,live oak,2023-07-28,md,1.95,2023
2093,PineNeedle,Low,live oak,2023-07-28,pd,0.245,2023
2301,LL,Hobbiton,live oak,2023-09-29,pd,0.36,2023
2301,LL,Hobbiton,live oak,2023-07-28,pd,0.221,2023
2301,LL,Hobbiton,live oak,2023-07-28,pd,0.323,2023
2301,LL,Hobbiton,live oak,2023-09-29,pd,0.55,2023
2301,LL,Hobbiton,live oak,2023-09-29,pd,0.45,2023
2301,LL,Hobbiton,live oak,2023-04-14,md,1.216,2023
2301,LL,Hobbiton,live oak,2023-04-14,md,1.162,2023
2301,LL,Hobbiton,live oak,2023-09-29,pd,0.59,2023
2301,LL,Hobbiton,live oak,2023-04-14,md,1.256,2023
2301,LL,Hobbiton,live oak,2023-07-28,pd,0.34,2023
2301,LL,Hobbiton,live oak,2023-07-28,md,2.31,2023
2301,LL,Hobbiton,live oak,2023-07-28,pd,0.64,2023
2301,LL,Hobbiton,live oak,2023-07-28,md,2.4,2023
2301,LL,Hobbiton,live oak,2023-07-28,md,2.42,2023
2306,LL,Hobbiton,blue oak,2023-05-12,pd,0.325,2023
2306,LL,Hobbiton,blue oak,2023-05-12,md,1.4,2023
2306,LL,Hobbiton,blue oak,2023-05-12,pd,0.221,2023
2306,LL,Hobbiton,blue oak,2023-05-12,pd,0.325,2023
2306,LL,Hobbiton,blue oak,2023-05-12,md,1.7,2023
2306,LL,Hobbiton,blue oak,2023-05-12,md,1.54,2023
2331,LL,Ridge,live oak,2023-04-14,pd,0.275,2023
2331,LL,Ridge,live oak,2023-04-14,pd,0.2,2023
2331,LL,Ridge,live oak,2023-09-29,pd,0.45,2023
2331,LL,Ridge,live oak,2023-04-14,md,1.054,2023
2331,LL,Ridge,live oak,2023-04-14,md,1.023,2023
2331,LL,Ridge,live oak,2023-09-29,md,2.3,2023
2331,LL,Ridge,live oak,2023-09-29,md,2.1,2023
2331,LL,Ridge,live oak,2023-07-28,md,2.199,2023
2331,LL,Ridge,live oak,2023-09-29,pd,0.34,2023
2331,LL,Ridge,live oak,2023-04-14,pd,0.25,2023
2331,LL,Ridge,live oak,2023-07-28,pd,0.418,2023
2331,LL,Ridge,live oak,2023-07-28,pd,0.516,2023
2331,LL,Ridge,live oak,2023-07-28,md,1.99,2023
2331,LL,Ridge,live oak,2023-07-28,md,2.449,2023
2331,LL,Ridge,live oak,2023-09-29,md,2.4,2023
2331,LL,Ridge,live oak,2023-07-28,md,1.898,2023
2331,LL,Ridge,live oak,2023-04-14,pd,0.2,2023
2331,LL,Ridge,live oak,2023-09-29,pd,0.39,2023
2331,LL,Ridge,live oak,2023-07-28,pd,0.224,2023
2331,LL,Ridge,live oak,2023-04-14,md,1.14,2023
2331,LL,Ridge,live oak,2023-07-28,md,2.21,2023
2331,LL,Ridge,live oak,2023-09-29,md,2.25,2023
2331,LL,Ridge,live oak,2023-07-28,md,2.66,2023
2332,LL,Ridge,blue oak,2023-05-12,pd,0.22,2023
2332,LL,Ridge,blue oak,2023-05-12,pd,0.19,2023
2332,LL,Ridge,blue oak,2023-05-12,pd,0.3,2023
2332,LL,Ridge,blue oak,2023-05-12,pd,0.19,2023
2333,LL,Ridge,blue oak,2023-05-12,pd,0.32,2023
2333,LL,Ridge,blue oak,2023-04-14,pd,0.24,2023
2333,LL,Ridge,blue oak,2023-05-12,pd,0.3,2023
2333,LL,Ridge,blue oak,2023-05-12,pd,0.24,2023
2333,LL,Ridge,blue oak,2023-04-14,pd,0.27,2023
2333,LL,Ridge,blue oak,2023-05-12,pd,0.21,2023
2333,LL,Ridge,blue oak,2023-04-14,pd,0.25,2023
2333,LL,Ridge,blue oak,2023-05-12,pd,0.2,2023
2334,LL,Ridge,blue oak,2023-05-12,pd,0.55,2023
2334,LL,Ridge,blue oak,2023-05-12,pd,0.32,2023
2334,LL,Ridge,blue oak,2023-05-12,pd,0.46,2023
2334,LL,Ridge,blue oak,2023-05-12,pd,0.44,2023
2335,LL,Ridge,blue oak,2023-05-12,pd,0.53,2023
2335,LL,Ridge,blue oak,2023-05-12,pd,0.3,2023
2335,LL,Ridge,blue oak,2023-05-12,pd,0.27,2023
2335,LL,Ridge,blue oak,2023-05-12,pd,0.33,2023
2335,LL,Ridge,blue oak,2023-05-12,pd,0.31,2023
2336,LL,Ridge,blue oak,2023-05-12,md,1.4,2023
2336,LL,Ridge,blue oak,2023-05-12,md,1.52,2023
2336,LL,Ridge,blue oak,2023-05-12,md,1.26,2023
2337,LL,Hobbiton,blue oak,2023-05-12,md,2.05,2023
2337,LL,Hobbiton,blue oak,2023-05-12,md,2.15,2023
2337,LL,Hobbiton,blue oak,2023-05-12,md,2.06,2023
2339,LL,Hobbiton,blue oak,2023-05-12,md,1.45,2023
2339,LL,Hobbiton,blue oak,2023-05-12,md,1.45,2023
2339,LL,Hobbiton,blue oak,2023-05-12,md,1.505,2023
2340,LL,Hobbiton,blue oak,2023-05-12,md,1.75,2023
2340,LL,Hobbiton,blue oak,2023-05-12,md,1.7,2023
2340,LL,Hobbiton,blue oak,2023-05-12,md,1.525,2023
2340,LL,Hobbiton,blue oak,2023-05-12,md,1.45,2023
2340,LL,Hobbiton,blue oak,2023-05-12,md,1.85,2023
2343,LL,Hobbiton,blue oak,2023-07-28,md,2.856,2023
2343,LL,Hobbiton,blue oak,2023-07-28,pd,1.158,2023
2343,LL,Hobbiton,blue oak,2023-04-14,md,0.901,2023
2343,LL,Hobbiton,blue oak,2023-09-29,pd,0.59,2023
2343,LL,Hobbiton,blue oak,2023-09-29,pd,0.58,2023
2343,LL,Hobbiton,blue oak,2023-07-28,pd,0.939,2023
2343,LL,Hobbiton,blue oak,2023-04-14,md,0.846,2023
2343,LL,Hobbiton,blue oak,2023-07-28,md,2.518,2023
2343,LL,Hobbiton,blue oak,2023-07-28,md,2.959,2023
2343,LL,Hobbiton,blue oak,2023-07-28,md,3.147,2023
2343,LL,Hobbiton,blue oak,2023-09-29,pd,0.56,2023
2343,LL,Hobbiton,blue oak,2023-07-28,pd,1.123,2023
2343,LL,Hobbiton,blue oak,2023-04-14,md,0.98,2023
2343,LL,Hobbiton,blue oak,2023-07-28,md,2.803,2023
2344,LL,Hobbiton,blue oak,2023-04-14,pd,0.44,2023
2344,LL,Hobbiton,blue oak,2023-04-14,pd,0.24,2023
2344,LL,Hobbiton,blue oak,2023-04-14,pd,0.23,2023
2344,LL,Hobbiton,blue oak,2023-04-14,pd,0.19,2023
2344,LL,Hobbiton,blue oak,2023-04-14,pd,0.25,2023
2345,LL,Hobbiton,live oak,2023-09-29,md,1.79,2023
2345,LL,Hobbiton,live oak,2023-09-29,md,1.82,2023
2345,LL,Hobbiton,live oak,2023-09-29,pd,0.19,2023
2345,LL,Hobbiton,live oak,2023-09-29,md,2.28,2023
2345,LL,Hobbiton,live oak,2023-05-12,md,0.96,2023
2345,LL,Hobbiton,live oak,2023-07-28,md,2.625,2023
2345,LL,Hobbiton,live oak,2023-07-28,md,2.65,2023
2345,LL,Hobbiton,live oak,2023-07-28,md,2.075,2023
2345,LL,Hobbiton,live oak,2023-07-28,pd,0.27,2023
2345,LL,Hobbiton,live oak,2023-09-29,md,1.69,2023
2345,LL,Hobbiton,live oak,2023-05-12,md,0.99,2023
2345,LL,Hobbiton,live oak,2023-09-29,pd,0.2,2023
2345,LL,Hobbiton,live oak,2023-07-28,pd,0.282,2023
2345,LL,Hobbiton,live oak,2023-07-28,pd,0.298,2023
2345,LL,Hobbiton,live oak,2023-07-28,md,2.35,2023
2345,LL,Hobbiton,live oak,2023-04-14,md,0.337,2023
2345,LL,Hobbiton,live oak,2023-04-14,pd,0.17,2023
2345,LL,Hobbiton,live oak,2023-04-14,md,0.742,2023
2345,LL,Hobbiton,live oak,2023-04-14,pd,0.17,2023
2345,LL,Hobbiton,live oak,2023-09-29,pd,0.25,2023
2345,LL,Hobbiton,live oak,2023-09-29,pd,0.3,2023
2345,LL,Hobbiton,live oak,2023-05-12,md,1,2023
2345,LL,Hobbiton,live oak,2023-05-12,md,1.39,2023
2345,LL,Hobbiton,live oak,2023-04-14,md,0.847,2023
2345,LL,Hobbiton,live oak,2023-04-14,pd,0.23,2023
2345,LL,Hobbiton,live oak,2023-04-14,md,0.694,2023
2345,LL,Hobbiton,live oak,2023-04-14,md,0.884,2023
2345,LL,Hobbiton,live oak,2023-09-29,pd,0.39,2023
2346,LL,Hobbiton,blue oak,2023-07-28,pd,0.518,2023
2346,LL,Hobbiton,blue oak,2023-07-28,md,2.73,2023
2346,LL,Hobbiton,blue oak,2023-09-29,md,3.09,2023
2346,LL,Hobbiton,blue oak,2023-07-28,pd,0.472,2023
2346,LL,Hobbiton,blue oak,2023-09-29,pd,0.495,2023
2346,LL,Hobbiton,blue oak,2023-07-28,md,4.1,2023
2346,LL,Hobbiton,blue oak,2023-07-28,md,3.64,2023
2346,LL,Hobbiton,blue oak,2023-07-28,md,3.73,2023
2346,LL,Hobbiton,blue oak,2023-04-14,md,1.05,2023
2346,LL,Hobbiton,blue oak,2023-07-28,md,2.81,2023
2346,LL,Hobbiton,blue oak,2023-09-29,pd,0.54,2023
2346,LL,Hobbiton,blue oak,2023-04-14,pd,0.32,2023
2346,LL,Hobbiton,blue oak,2023-09-29,pd,0.31,2023
2346,LL,Hobbiton,blue oak,2023-09-29,md,3.19,2023
2346,LL,Hobbiton,blue oak,2023-09-29,md,4.31,2023
2346,LL,Hobbiton,blue oak,2023-04-14,md,1.1,2023
2346,LL,Hobbiton,blue oak,2023-04-14,md,1.05,2023
2346,LL,Hobbiton,blue oak,2023-07-28,pd,0.578,2023
2346,LL,Hobbiton,blue oak,2023-04-14,pd,0.2,2023
2346,LL,Hobbiton,blue oak,2023-09-29,md,4.2,2023
2346,LL,Hobbiton,blue oak,2023-04-14,pd,0.26,2023
2346,LL,Hobbiton,blue oak,2023-07-28,pd,0.82,2023
2346,LL,Hobbiton,blue oak,2023-04-14,pd,0.2,2023
2346,LL,Hobbiton,blue oak,2023-09-29,pd,0.49,2023
2346,LL,Hobbiton,blue oak,2023-09-29,md,4.01,2023
2347,LL,Hobbiton,blue oak,2023-07-28,md,2.777,2023
2347,LL,Hobbiton,blue oak,2023-04-14,md,1.501,2023
2347,LL,Hobbiton,blue oak,2023-04-14,md,0.65,2023
2347,LL,Hobbiton,blue oak,2023-04-14,md,1.591,2023
2347,LL,Hobbiton,blue oak,2023-09-29,pd,0.64,2023
2347,LL,Hobbiton,blue oak,2023-07-28,md,2.876,2023
2347,LL,Hobbiton,blue oak,2023-07-28,md,3.146,2023
2347,LL,Hobbiton,blue oak,2023-09-29,pd,0.58,2023
2347,LL,Hobbiton,blue oak,2023-04-14,pd,0.15,2023
2347,LL,Hobbiton,blue oak,2023-09-29,pd,0.43,2023
2347,LL,Hobbiton,blue oak,2023-04-14,md,0.96,2023
2347,LL,Hobbiton,blue oak,2023-04-14,pd,0.2,2023
2347,LL,Hobbiton,blue oak,2023-04-14,pd,0.531,2023
2347,LL,Hobbiton,blue oak,2023-04-14,md,0.97,2023
2347,LL,Hobbiton,blue oak,2023-04-14,md,0.79,2023
2347,LL,Hobbiton,blue oak,2023-07-28,pd,0.85,2023
2347,LL,Hobbiton,blue oak,2023-07-28,md,3.158,2023
2347,LL,Hobbiton,blue oak,2023-04-14,md,0.954,2023
2347,LL,Hobbiton,blue oak,2023-04-14,md,0.808,2023
2347,LL,Hobbiton,blue oak,2023-04-14,pd,0.25,2023
2347,LL,Hobbiton,blue oak,2023-07-28,md,3.162,2023
2347,LL,Hobbiton,blue oak,2023-04-14,pd,0.438,2023
2347,LL,Hobbiton,blue oak,2023-07-28,pd,0.7,2023
2347,LL,Hobbiton,blue oak,2023-07-28,pd,0.95,2023
2347,LL,Hobbiton,blue oak,2023-04-14,pd,0.325,2023
2348,LL,Hobbiton,blue oak,2023-04-14,pd,0.3,2023
2348,LL,Hobbiton,blue oak,2023-04-14,pd,0.27,2023
2348,LL,Hobbiton,blue oak,2023-04-14,pd,0.23,2023
2349,LL,Hobbiton,blue oak,2023-04-14,pd,0.29,2023
2349,LL,Hobbiton,blue oak,2023-04-14,pd,0.3,2023
2349,LL,Hobbiton,blue oak,2023-04-14,pd,0.23,2023
2349,LL,Hobbiton,blue oak,2023-04-14,pd,0.18,2023
2350,LL,Hobbiton,blue oak,2023-04-14,pd,0.29,2023
2350,LL,Hobbiton,blue oak,2023-04-14,pd,0.31,2023
2350,LL,Hobbiton,blue oak,2023-04-14,pd,0.25,2023
2350,LL,Hobbiton,blue oak,2023-04-14,pd,0.46,2023
2350,LL,Hobbiton,blue oak,2023-04-14,pd,0.44,2023
2351,LL,Hobbiton,blue oak,2023-04-14,pd,0.29,2023
2351,LL,Hobbiton,blue oak,2023-04-14,pd,0.31,2023
2351,LL,Hobbiton,blue oak,2023-04-14,pd,0.21,2023
2352,LL,MiddleEarth,live oak,2023-09-29,pd,0.5,2023
2352,LL,MiddleEarth,live oak,2023-05-12,md,1.3,2023
2352,LL,MiddleEarth,live oak,2023-09-29,md,2.13,2023
2352,LL,MiddleEarth,live oak,2023-04-14,pd,0.175,2023
2352,LL,MiddleEarth,live oak,2023-07-28,pd,0.96,2023
2352,LL,MiddleEarth,live oak,2023-09-29,md,1.68,2023
2352,LL,MiddleEarth,live oak,2023-07-28,pd,1.4,2023
2352,LL,MiddleEarth,live oak,2023-09-29,pd,0.3,2023
2352,LL,MiddleEarth,live oak,2023-09-29,md,2.12,2023
2352,LL,MiddleEarth,live oak,2023-04-14,md,0.8,2023
2352,LL,MiddleEarth,live oak,2023-07-28,md,2.8,2023
2352,LL,MiddleEarth,live oak,2023-09-29,md,1.86,2023
2352,LL,MiddleEarth,live oak,2023-04-14,md,0.85,2023
2352,LL,MiddleEarth,live oak,2023-07-28,md,2.35,2023
2352,LL,MiddleEarth,live oak,2023-04-14,pd,0.2,2023
2352,LL,MiddleEarth,live oak,2023-09-29,pd,0.25,2023
2352,LL,MiddleEarth,live oak,2023-05-12,md,1.6,2023
2352,LL,MiddleEarth,live oak,2023-09-29,pd,0.4,2023
2352,LL,MiddleEarth,live oak,2023-04-14,md,0.85,2023
2352,LL,MiddleEarth,live oak,2023-07-28,pd,0.85,2023
2352,LL,MiddleEarth,live oak,2023-04-14,pd,0.2,2023
2352,LL,MiddleEarth,live oak,2023-07-28,md,2.4,2023
2352,LL,MiddleEarth,live oak,2023-07-28,md,2.2,2023
2352,LL,MiddleEarth,live oak,2023-05-12,md,1.4,2023
2352,LL,MiddleEarth,live oak,2023-04-14,pd,0.2,2023
2353,LL,MiddleEarth,live oak,2023-05-12,md,1.15,2023
2353,LL,MiddleEarth,live oak,2023-05-12,md,1.275,2023
2353,LL,MiddleEarth,live oak,2023-05-12,md,1.41,2023
2353,LL,MiddleEarth,live oak,2023-05-12,md,0.7,2023
2354,LL,MiddleEarth,live oak,2023-07-28,pd,1.2,2023
2354,LL,MiddleEarth,live oak,2023-09-29,pd,0.3,2023
2354,LL,MiddleEarth,live oak,2023-09-29,md,2.69,2023
2354,LL,MiddleEarth,live oak,2023-07-28,pd,0.7,2023
2354,LL,MiddleEarth,live oak,2023-09-29,md,2.45,2023
2354,LL,MiddleEarth,live oak,2023-07-28,pd,1.3,2023
2354,LL,MiddleEarth,live oak,2023-05-12,md,1.675,2023
2354,LL,MiddleEarth,live oak,2023-09-29,pd,0.35,2023
2354,LL,MiddleEarth,live oak,2023-05-12,md,1.75,2023
2354,LL,MiddleEarth,live oak,2023-09-29,md,2.347,2023
2354,LL,MiddleEarth,live oak,2023-09-29,md,2.489,2023
2354,LL,MiddleEarth,live oak,2023-07-28,md,2.94,2023
2354,LL,MiddleEarth,live oak,2023-07-28,md,3.05,2023
2354,LL,MiddleEarth,live oak,2023-04-14,pd,0.25,2023
2354,LL,MiddleEarth,live oak,2023-05-12,md,1.405,2023
2354,LL,MiddleEarth,live oak,2023-04-14,pd,0.2,2023
2354,LL,MiddleEarth,live oak,2023-07-28,md,2.81,2023
2354,LL,MiddleEarth,live oak,2023-09-29,pd,0.21,2023
2354,LL,MiddleEarth,live oak,2023-04-14,pd,0.5,2023
2355,LL,MiddleEarth,blue oak,2023-05-12,md,2.95,2023
2355,LL,MiddleEarth,blue oak,2023-05-12,md,2.8,2023
2355,LL,MiddleEarth,blue oak,2023-05-12,md,2.7,2023
2355,LL,MiddleEarth,blue oak,2023-05-12,md,3.05,2023
2356,LL,MiddleEarth,blue oak,2023-05-12,md,2.6,2023
2356,LL,MiddleEarth,blue oak,2023-05-12,md,2.4,2023
2356,LL,MiddleEarth,blue oak,2023-05-12,md,2.2,2023
2356,LL,MiddleEarth,blue oak,2023-05-12,md,2,2023
2357,LL,MiddleEarth,blue oak,2023-05-12,md,2.55,2023
2357,LL,MiddleEarth,blue oak,2023-05-12,md,2.4,2023
2357,LL,MiddleEarth,blue oak,2023-05-12,md,2.55,2023
2358,LL,MiddleEarth,blue oak,2023-04-14,pd,0.459,2023
2358,LL,MiddleEarth,blue oak,2023-04-14,pd,0.446,2023
2358,LL,MiddleEarth,blue oak,2023-05-12,md,2.45,2023
2358,LL,MiddleEarth,blue oak,2023-04-14,pd,0.672,2023
2358,LL,MiddleEarth,blue oak,2023-05-12,md,2.05,2023
2358,LL,MiddleEarth,blue oak,2023-05-12,md,2.4,2023
2358,LL,MiddleEarth,blue oak,2023-04-14,pd,0.438,2023
2359,LL,MiddleEarth,blue oak,2023-05-12,md,2.85,2023
2359,LL,MiddleEarth,blue oak,2023-05-12,md,3.25,2023
2359,LL,MiddleEarth,blue oak,2023-05-12,md,3.1,2023
2359,LL,MiddleEarth,blue oak,2023-05-12,md,2.8,2023
2360,LL,MiddleEarth,blue oak,2023-04-14,pd,0.14,2023
2360,LL,MiddleEarth,blue oak,2023-09-29,md,3.33,2023
2360,LL,MiddleEarth,blue oak,2023-04-14,md,1.29,2023
2360,LL,MiddleEarth,blue oak,2023-04-14,md,1.623,2023
2360,LL,MiddleEarth,blue oak,2023-09-29,md,2.67,2023
2360,LL,MiddleEarth,blue oak,2023-04-14,pd,0.18,2023
2360,LL,MiddleEarth,blue oak,2023-07-28,pd,0.79,2023
2360,LL,MiddleEarth,blue oak,2023-09-29,md,2.61,2023
2360,LL,MiddleEarth,blue oak,2023-04-14,pd,0.16,2023
2360,LL,MiddleEarth,blue oak,2023-09-29,pd,0.86,2023
2360,LL,MiddleEarth,blue oak,2023-07-28,pd,0.9,2023
2360,LL,MiddleEarth,blue oak,2023-04-14,md,1.338,2023
2360,LL,MiddleEarth,blue oak,2023-04-14,md,1.702,2023
2360,LL,MiddleEarth,blue oak,2023-09-29,pd,0.71,2023
2360,LL,MiddleEarth,blue oak,2023-09-29,md,2.63,2023
2360,LL,MiddleEarth,blue oak,2023-09-29,md,3.33,2023
2360,LL,MiddleEarth,blue oak,2023-07-28,pd,0.904,2023
2360,LL,MiddleEarth,blue oak,2023-09-29,pd,0.6,2023
2360,LL,MiddleEarth,blue oak,2023-09-29,pd,0.53,2023
2360,LL,MiddleEarth,blue oak,2023-09-29,pd,0.67,2023
2361,LL,MiddleEarth,blue oak,2023-05-12,pd,0.5,2023
2361,LL,MiddleEarth,blue oak,2023-05-12,pd,0.551,2023
2361,LL,MiddleEarth,blue oak,2023-05-12,pd,0.25,2023
2361,LL,MiddleEarth,blue oak,2023-05-12,pd,0.375,2023
2361,LL,MiddleEarth,blue oak,2023-05-12,pd,0.55,2023
2361,LL,MiddleEarth,blue oak,2023-05-12,pd,0.425,2023
2362,LL,MiddleEarth,blue oak,2023-05-12,md,2.5,2023
2362,LL,MiddleEarth,blue oak,2023-05-12,md,2.85,2023
2362,LL,MiddleEarth,blue oak,2023-05-12,md,2.7,2023
2363,LL,MiddleEarth,blue oak,2023-05-12,md,1.425,2023
2363,LL,MiddleEarth,blue oak,2023-05-12,md,1.55,2023
2363,LL,MiddleEarth,blue oak,2023-05-12,md,1.35,2023
2364,LL,MiddleEarth,blue oak,2023-05-12,pd,0.22,2023
2364,LL,MiddleEarth,blue oak,2023-05-12,pd,0.24,2023
2364,LL,MiddleEarth,blue oak,2023-05-12,md,1.3,2023
2364,LL,MiddleEarth,blue oak,2023-05-12,md,1.43,2023
2364,LL,MiddleEarth,blue oak,2023-05-12,md,1.37,2023
2364,LL,MiddleEarth,blue oak,2023-07-28,md,3.818,2023
2364,LL,MiddleEarth,blue oak,2023-07-28,md,3.949,2023
2364,LL,MiddleEarth,blue oak,2023-07-28,md,3.939,2023
2364,LL,MiddleEarth,blue oak,2023-05-12,pd,0.27,2023
2365,LL,MiddleEarth,blue oak,2023-09-29,md,3,2023
2365,LL,MiddleEarth,blue oak,2023-07-28,pd,0.6,2023
2365,LL,MiddleEarth,blue oak,2023-09-29,pd,0.69,2023
2365,LL,MiddleEarth,blue oak,2023-09-29,md,3.2,2023
2365,LL,MiddleEarth,blue oak,2023-07-28,pd,0.55,2023
2365,LL,MiddleEarth,blue oak,2023-07-28,pd,0.525,2023
2365,LL,MiddleEarth,blue oak,2023-09-29,md,2.71,2023
2365,LL,MiddleEarth,blue oak,2023-07-28,md,3.4,2023
2365,LL,MiddleEarth,blue oak,2023-09-29,pd,0.7,2023
2365,LL,MiddleEarth,blue oak,2023-09-29,md,2.55,2023
2365,LL,MiddleEarth,blue oak,2023-07-28,md,3.275,2023
2365,LL,MiddleEarth,blue oak,2023-07-28,md,3.45,2023
2365,LL,MiddleEarth,blue oak,2023-09-29,pd,0.73,2023
2366,LL,MiddleEarth,blue oak,2023-05-12,pd,0.21,2023
2366,LL,MiddleEarth,blue oak,2023-05-12,md,1.75,2023
2366,LL,MiddleEarth,blue oak,2023-04-14,pd,0.75,2023
2366,LL,MiddleEarth,blue oak,2023-05-12,md,1.61,2023
2366,LL,MiddleEarth,blue oak,2023-04-14,pd,0.72,2023
2366,LL,MiddleEarth,blue oak,2023-05-12,md,1.775,2023
2366,LL,MiddleEarth,blue oak,2023-05-12,md,1.425,2023
2366,LL,MiddleEarth,blue oak,2023-04-14,pd,0.65,2023
2366,LL,MiddleEarth,blue oak,2023-05-12,pd,0.19,2023
2366,LL,MiddleEarth,blue oak,2023-05-12,pd,0.24,2023
2367,LL,MiddleEarth,blue oak,2023-09-29,md,3.27,2023
2367,LL,MiddleEarth,blue oak,2023-09-29,pd,0.58,2023
2367,LL,MiddleEarth,blue oak,2023-04-14,md,1,2023
2367,LL,MiddleEarth,blue oak,2023-05-12,pd,0.2,2023
2367,LL,MiddleEarth,blue oak,2023-07-28,pd,0.95,2023
2367,LL,MiddleEarth,blue oak,2023-07-28,md,3.34,2023
2367,LL,MiddleEarth,blue oak,2023-09-29,pd,0.66,2023
2367,LL,MiddleEarth,blue oak,2023-04-14,md,1.15,2023
2367,LL,MiddleEarth,blue oak,2023-04-14,pd,0.64,2023
2367,LL,MiddleEarth,blue oak,2023-07-28,md,2.95,2023
2367,LL,MiddleEarth,blue oak,2023-04-14,pd,0.27,2023
2367,LL,MiddleEarth,blue oak,2023-09-29,md,3.35,2023
2367,LL,MiddleEarth,blue oak,2023-07-28,pd,0.941,2023
2367,LL,MiddleEarth,blue oak,2023-07-28,md,3.41,2023
2367,LL,MiddleEarth,blue oak,2023-09-29,md,3.23,2023
2367,LL,MiddleEarth,blue oak,2023-04-14,pd,0.39,2023
2367,LL,MiddleEarth,blue oak,2023-05-12,pd,0.26,2023
2367,LL,MiddleEarth,blue oak,2023-07-28,md,3.31,2023
2367,LL,MiddleEarth,blue oak,2023-09-29,pd,0.52,2023
2367,LL,MiddleEarth,blue oak,2023-04-14,pd,0.63,2023
2367,LL,MiddleEarth,blue oak,2023-04-14,md,1.05,2023
2367,LL,MiddleEarth,blue oak,2023-09-29,pd,0.74,2023
2367,LL,MiddleEarth,blue oak,2023-04-14,pd,0.3,2023
2367,LL,MiddleEarth,blue oak,2023-07-28,pd,0.886,2023
2367,LL,MiddleEarth,blue oak,2023-05-12,pd,0.19,2023
2369,LL,MiddleEarth,blue oak,2023-04-14,pd,0.36,2023
2369,LL,MiddleEarth,blue oak,2023-07-28,pd,0.772,2023
2369,LL,MiddleEarth,blue oak,2023-07-28,pd,1.01,2023
2369,LL,MiddleEarth,blue oak,2023-09-29,pd,0.3,2023
2369,LL,MiddleEarth,blue oak,2023-07-28,md,4.045,2023
2369,LL,MiddleEarth,blue oak,2023-07-28,pd,0.74,2023
2369,LL,MiddleEarth,blue oak,2023-04-14,md,1.359,2023
2369,LL,MiddleEarth,blue oak,2023-09-29,pd,0.32,2023
2369,LL,MiddleEarth,blue oak,2023-04-14,md,1.184,2023
2369,LL,MiddleEarth,blue oak,2023-07-28,md,3.777,2023
2369,LL,MiddleEarth,blue oak,2023-04-14,pd,0.3,2023
2369,LL,MiddleEarth,blue oak,2023-04-14,md,1.631,2023
2369,LL,MiddleEarth,blue oak,2023-04-14,md,1.304,2023
2369,LL,MiddleEarth,blue oak,2023-05-12,md,3.725,2023
2369,LL,MiddleEarth,blue oak,2023-07-28,md,3.795,2023
2369,LL,MiddleEarth,blue oak,2023-07-28,md,1.494,2023
2369,LL,MiddleEarth,blue oak,2023-09-29,pd,0.29,2023
2369,LL,MiddleEarth,blue oak,2023-04-14,pd,0.35,2023
2369,LL,MiddleEarth,blue oak,2023-07-28,pd,0.808,2023
2369,LL,MiddleEarth,blue oak,2023-07-28,md,3.692,2023
2369,LL,MiddleEarth,blue oak,2023-05-12,md,4.05,2023
2369,LL,MiddleEarth,blue oak,2023-05-12,md,4.25,2023
2370,LL,Hobbiton,blue oak,2023-07-28,pd,0.1001,2023
2370,LL,Hobbiton,blue oak,2023-04-14,md,1.033,2023
2370,LL,Hobbiton,blue oak,2023-04-14,pd,0.47,2023
2370,LL,Hobbiton,blue oak,2023-04-14,pd,0.47,2023
2370,LL,Hobbiton,blue oak,2023-04-14,md,1,2023
2370,LL,Hobbiton,blue oak,2023-07-28,pd,0.633,2023
2370,LL,Hobbiton,blue oak,2023-07-28,md,3.15,2023
2370,LL,Hobbiton,blue oak,2023-05-12,pd,0.501,2023
2370,LL,Hobbiton,blue oak,2023-05-12,pd,0.375,2023
2370,LL,Hobbiton,blue oak,2023-09-29,pd,0.27,2023
2370,LL,Hobbiton,blue oak,2023-07-28,md,3.75,2023
2370,LL,Hobbiton,blue oak,2023-05-12,md,1.35,2023
2370,LL,Hobbiton,blue oak,2023-07-28,pd,0.466,2023
2370,LL,Hobbiton,blue oak,2023-09-29,md,3.01,2023
2370,LL,Hobbiton,blue oak,2023-05-12,pd,0.36,2023
2370,LL,Hobbiton,blue oak,2023-05-12,md,1.2,2023
2370,LL,Hobbiton,blue oak,2023-09-29,pd,0.28,2023
2370,LL,Hobbiton,blue oak,2023-07-28,pd,0.553,2023
2370,LL,Hobbiton,blue oak,2023-04-14,pd,0.4,2023
2370,LL,Hobbiton,blue oak,2023-04-14,md,1.012,2023
2370,LL,Hobbiton,blue oak,2023-05-12,md,1.45,2023
2370,LL,Hobbiton,blue oak,2023-07-28,pd,0.425,2023
2370,LL,Hobbiton,blue oak,2023-09-29,md,4.1,2023
2370,LL,Hobbiton,blue oak,2023-09-29,md,3.48,2023
2370,LL,Hobbiton,blue oak,2023-07-28,md,3.15,2023
2370,LL,Hobbiton,blue oak,2023-07-28,md,3.225,2023
2370,LL,Hobbiton,blue oak,2023-09-29,pd,0.27,2023
2371,LL,Hobbiton,blue oak,2023-07-28,md,2.913,2023
2371,LL,Hobbiton,blue oak,2023-05-12,md,0.85,2023
2371,LL,Hobbiton,blue oak,2023-09-29,md,3.41,2023
2371,LL,Hobbiton,blue oak,2023-04-14,md,0.939,2023
2371,LL,Hobbiton,blue oak,2023-04-14,pd,0.3,2023
2371,LL,Hobbiton,blue oak,2023-04-14,pd,0.31,2023
2371,LL,Hobbiton,blue oak,2023-04-14,pd,0.35,2023
2371,LL,Hobbiton,blue oak,2023-07-28,md,1.925,2023
2371,LL,Hobbiton,blue oak,2023-05-12,pd,0.31,2023
2371,LL,Hobbiton,blue oak,2023-09-29,md,3.33,2023
2371,LL,Hobbiton,blue oak,2023-05-12,md,1.3,2023
2371,LL,Hobbiton,blue oak,2023-05-12,md,1.25,2023
2371,LL,Hobbiton,blue oak,2023-05-12,md,0.76,2023
2371,LL,Hobbiton,blue oak,2023-07-28,md,3.03,2023
2371,LL,Hobbiton,blue oak,2023-04-14,md,0.939,2023
2371,LL,Hobbiton,blue oak,2023-04-14,md,1.019,2023
2371,LL,Hobbiton,blue oak,2023-05-12,pd,0.36,2023
2371,LL,Hobbiton,blue oak,2023-05-12,md,1.12,2023
2371,LL,Hobbiton,blue oak,2023-07-28,md,2.253,2023
2371,LL,Hobbiton,blue oak,2023-09-29,md,3.27,2023
2371,LL,Hobbiton,blue oak,2023-09-29,pd,0.47,2023
2371,LL,Hobbiton,blue oak,2023-07-28,md,2.394,2023
2371,LL,Hobbiton,blue oak,2023-05-12,pd,0.41,2023
2371,LL,Hobbiton,blue oak,2023-05-12,pd,0.28,2023
2371,LL,Hobbiton,blue oak,2023-09-29,pd,0.989,2023
2371,LL,Hobbiton,blue oak,2023-07-28,pd,0.498,2023
2371,LL,Hobbiton,blue oak,2023-07-28,pd,0.355,2023
2371,LL,Hobbiton,blue oak,2023-07-28,pd,0.243,2023
2371,LL,Hobbiton,blue oak,2023-09-29,pd,0.93,2023
2371,LL,Hobbiton,blue oak,2023-07-28,md,2.566,2023
2371,LL,Hobbiton,blue oak,2023-09-29,pd,0.8,2023
2372,LL,Hobbiton,blue oak,2023-07-28,pd,0.701,2023
2372,LL,Hobbiton,blue oak,2023-04-14,md,0.328,2023
2372,LL,Hobbiton,blue oak,2023-07-28,md,2.65,2023
2372,LL,Hobbiton,blue oak,2023-05-12,md,1.34,2023
2372,LL,Hobbiton,blue oak,2023-05-12,md,1.42,2023
2372,LL,Hobbiton,blue oak,2023-07-28,pd,0.903,2023
2372,LL,Hobbiton,blue oak,2023-07-28,md,2.85,2023
2372,LL,Hobbiton,blue oak,2023-04-14,pd,0.35,2023
2372,LL,Hobbiton,blue oak,2023-07-28,md,2.42,2023
2372,LL,Hobbiton,blue oak,2023-05-12,md,1.3,2023
2372,LL,Hobbiton,blue oak,2023-07-28,pd,1,2023
2372,LL,Hobbiton,blue oak,2023-04-14,md,1.134,2023
2372,LL,Hobbiton,blue oak,2023-05-12,pd,0.15,2023
2372,LL,Hobbiton,blue oak,2023-07-28,md,3.1,2023
2372,LL,Hobbiton,blue oak,2023-04-14,pd,0.425,2023
2372,LL,Hobbiton,blue oak,2023-05-12,md,1.7,2023
2372,LL,Hobbiton,blue oak,2023-04-14,pd,0.375,2023
2372,LL,Hobbiton,blue oak,2023-07-28,md,2.625,2023
2372,LL,Hobbiton,blue oak,2023-05-12,pd,0.13,2023
2372,LL,Hobbiton,blue oak,2023-04-14,md,1.088,2023
2372,LL,Hobbiton,blue oak,2023-05-12,pd,0.16,2023
2372,LL,Hobbiton,blue oak,2023-04-14,md,1.05,2023
2373,LL,Hobbiton,blue oak,2023-04-14,md,0.85,2023
2373,LL,Hobbiton,blue oak,2023-04-14,md,0.99,2023
2373,LL,Hobbiton,blue oak,2023-04-14,md,0.993,2023
2373,LL,Hobbiton,blue oak,2023-05-12,md,1.25,2023
2373,LL,Hobbiton,blue oak,2023-05-12,md,1.15,2023
2373,LL,Hobbiton,blue oak,2023-05-12,md,1.375,2023
2375,LL,Hobbiton,blue oak,2023-07-28,pd,1.95,2023
2375,LL,Hobbiton,blue oak,2023-07-28,md,2.204,2023
2375,LL,Hobbiton,blue oak,2023-07-28,pd,1.4,2023
2375,LL,Hobbiton,blue oak,2023-07-28,pd,1.1,2023
2375,LL,Hobbiton,blue oak,2023-09-29,pd,0.56,2023
2375,LL,Hobbiton,blue oak,2023-05-12,md,2.1,2023
2375,LL,Hobbiton,blue oak,2023-07-28,pd,1.092,2023
2375,LL,Hobbiton,blue oak,2023-07-28,md,2.484,2023
2375,LL,Hobbiton,blue oak,2023-05-12,md,1.98,2023
2375,LL,Hobbiton,blue oak,2023-07-28,pd,1.216,2023
2375,LL,Hobbiton,blue oak,2023-04-14,pd,0.33,2023
2375,LL,Hobbiton,blue oak,2023-07-28,md,2.253,2023
2375,LL,Hobbiton,blue oak,2023-05-12,pd,0.19,2023
2375,LL,Hobbiton,blue oak,2023-04-14,pd,0.23,2023
2375,LL,Hobbiton,blue oak,2023-05-12,md,2.05,2023
2375,LL,Hobbiton,blue oak,2023-07-28,pd,1.4,2023
2375,LL,Hobbiton,blue oak,2023-05-12,md,1.825,2023
2375,LL,Hobbiton,blue oak,2023-05-12,md,1.24,2023
2375,LL,Hobbiton,blue oak,2023-09-29,pd,0.4,2023
2375,LL,Hobbiton,blue oak,2023-04-14,pd,0.33,2023
2375,LL,Hobbiton,blue oak,2023-09-29,pd,0.35,2023
2375,LL,Hobbiton,blue oak,2023-09-29,pd,0.36,2023
2375,LL,Hobbiton,blue oak,2023-05-12,pd,0.21,2023
2375,LL,Hobbiton,blue oak,2023-05-12,md,1.8,2023
2375,LL,Hobbiton,blue oak,2023-05-12,md,1.825,2023
2375,LL,Hobbiton,blue oak,2023-05-12,pd,0.23,2023
2376,LL,MiddleEarth,live oak,2023-09-29,pd,0.35,2023
2376,LL,MiddleEarth,live oak,2023-07-28,md,2.768,2023
2376,LL,MiddleEarth,live oak,2023-09-29,pd,0.7,2023
2376,LL,MiddleEarth,live oak,2023-07-28,md,3.094,2023
2376,LL,MiddleEarth,live oak,2023-04-14,md,0.8,2023
2376,LL,MiddleEarth,live oak,2023-07-28,md,2.878,2023
2376,LL,MiddleEarth,live oak,2023-09-29,md,2.72,2023
2376,LL,MiddleEarth,live oak,2023-04-14,pd,0.477,2023
2376,LL,MiddleEarth,live oak,2023-09-29,md,2.57,2023
2376,LL,MiddleEarth,live oak,2023-04-14,md,1.1,2023
2376,LL,MiddleEarth,live oak,2023-07-28,md,3.009,2023
2376,LL,MiddleEarth,live oak,2023-04-14,md,0.85,2023
2376,LL,MiddleEarth,live oak,2023-04-14,pd,0.535,2023
2376,LL,MiddleEarth,live oak,2023-04-14,md,0.85,2023
2376,LL,MiddleEarth,live oak,2023-09-29,md,2.38,2023
2376,LL,MiddleEarth,live oak,2023-09-29,pd,0.34,2023
2376,LL,MiddleEarth,live oak,2023-07-28,md,2.87,2023
2376,LL,MiddleEarth,live oak,2023-07-28,pd,0.526,2023
2376,LL,MiddleEarth,live oak,2023-07-28,pd,0.607,2023
2376,LL,MiddleEarth,live oak,2023-07-28,pd,0.61,2023
2376,LL,MiddleEarth,live oak,2023-09-29,pd,0.38,2023
2376,LL,MiddleEarth,live oak,2023-04-14,md,0.75,2023
2376,LL,MiddleEarth,live oak,2023-07-28,pd,1.03,2023
2376,LL,MiddleEarth,live oak,2023-04-14,pd,0.531,2023
2377,LL,Rohan,live oak,2023-07-28,pd,0.52,2023
2377,LL,Rohan,live oak,2023-04-14,pd,0.2,2023
2377,LL,Rohan,live oak,2023-09-29,pd,0.394,2023
2377,LL,Rohan,live oak,2023-09-29,pd,0.38,2023
2377,LL,Rohan,live oak,2023-05-12,md,1.09,2023
2377,LL,Rohan,live oak,2023-07-28,md,1.9,2023
2377,LL,Rohan,live oak,2023-07-28,md,1.8,2023
2377,LL,Rohan,live oak,2023-07-28,md,1.85,2023
2377,LL,Rohan,live oak,2023-04-14,pd,0.2,2023
2377,LL,Rohan,live oak,2023-09-29,pd,0.302,2023
2377,LL,Rohan,live oak,2023-04-14,md,1.17,2023
2377,LL,Rohan,live oak,2023-07-28,pd,0.469,2023
2377,LL,Rohan,live oak,2023-07-28,pd,0.468,2023
2377,LL,Rohan,live oak,2023-04-14,md,1.109,2023
2377,LL,Rohan,live oak,2023-04-14,md,1.072,2023
2377,LL,Rohan,live oak,2023-05-12,md,1.11,2023
2377,LL,Rohan,live oak,2023-04-14,pd,0.175,2023
2377,LL,Rohan,live oak,2023-05-12,md,0.925,2023
2378,LL,Rohan,blue oak,2023-09-29,pd,0.5,2023
2378,LL,Rohan,blue oak,2023-09-29,pd,0.67,2023
2378,LL,Rohan,blue oak,2023-07-28,pd,1.075,2023
2378,LL,Rohan,blue oak,2023-05-12,md,1.5,2023
2378,LL,Rohan,blue oak,2023-05-12,md,1.55,2023
2378,LL,Rohan,blue oak,2023-07-28,pd,0.7,2023
2378,LL,Rohan,blue oak,2023-05-12,md,1.625,2023
2378,LL,Rohan,blue oak,2023-09-29,md,3.58,2023
2378,LL,Rohan,blue oak,2023-09-29,pd,0.3,2023
2378,LL,Rohan,blue oak,2023-09-29,md,3.4,2023
2378,LL,Rohan,blue oak,2023-07-28,md,2.755,2023
2378,LL,Rohan,blue oak,2023-09-29,md,3.64,2023
2378,LL,Rohan,blue oak,2023-09-29,pd,0.5,2023
2378,LL,Rohan,blue oak,2023-09-29,md,3.4,2023
2378,LL,Rohan,blue oak,2023-07-28,pd,0.75,2023
2378,LL,Rohan,blue oak,2023-09-29,pd,0.3,2023
2378,LL,Rohan,blue oak,2023-09-29,md,3.58,2023
2378,LL,Rohan,blue oak,2023-04-14,pd,0.3,2023
2378,LL,Rohan,blue oak,2023-04-14,pd,0.25,2023
2378,LL,Rohan,blue oak,2023-04-14,md,0.85,2023
2378,LL,Rohan,blue oak,2023-09-29,md,3.48,2023
2378,LL,Rohan,blue oak,2023-07-28,md,2.842,2023
2378,LL,Rohan,blue oak,2023-04-14,pd,0.3,2023
2378,LL,Rohan,blue oak,2023-07-28,md,2.615,2023
2378,LL,Rohan,blue oak,2023-07-28,md,2.058,2023
2378,LL,Rohan,blue oak,2023-04-14,md,0.95,2023
2378,LL,Rohan,blue oak,2023-04-14,md,0.95,2023
2379,LL,Rohan,blue oak,2023-09-29,pd,0.3,2023
2379,LL,Rohan,blue oak,2023-04-14,pd,0.25,2023
2379,LL,Rohan,blue oak,2023-05-12,md,0.81,2023
2379,LL,Rohan,blue oak,2023-09-29,pd,0.56,2023
2379,LL,Rohan,blue oak,2023-09-29,pd,0.35,2023
2379,LL,Rohan,blue oak,2023-07-28,md,3.21,2023
2379,LL,Rohan,blue oak,2023-05-12,md,0.85,2023
2379,LL,Rohan,blue oak,2023-04-14,pd,0.225,2023
2379,LL,Rohan,blue oak,2023-04-14,pd,0.225,2023
2379,LL,Rohan,blue oak,2023-05-12,md,0.75,2023
2379,LL,Rohan,blue oak,2023-07-28,pd,0.8,2023
2379,LL,Rohan,blue oak,2023-04-14,md,1.006,2023
2379,LL,Rohan,blue oak,2023-04-14,md,1.044,2023
2379,LL,Rohan,blue oak,2023-07-28,md,3.5,2023
2379,LL,Rohan,blue oak,2023-09-29,pd,0.42,2023
2379,LL,Rohan,blue oak,2023-04-14,md,1.106,2023
2379,LL,Rohan,blue oak,2023-07-28,md,3.25,2023
2379,LL,Rohan,blue oak,2023-07-28,pd,0.7,2023
2380,LL,Rohan,live oak,2023-07-28,pd,0.311,2023
2380,LL,Rohan,live oak,2023-07-28,pd,0.333,2023
2380,LL,Rohan,live oak,2023-07-28,pd,0.15,2023
2380,LL,Rohan,live oak,2023-07-28,pd,0.17,2023
2380,LL,Rohan,live oak,2023-07-28,pd,0.188,2023
2380,LL,Rohan,live oak,2023-07-28,pd,0.175,2023
2380,LL,Rohan,live oak,2023-04-14,pd,0.3,2023
2380,LL,Rohan,live oak,2023-09-29,pd,0.25,2023
2380,LL,Rohan,live oak,2023-04-14,pd,0.35,2023
2380,LL,Rohan,live oak,2023-05-12,md,1.61,2023
2380,LL,Rohan,live oak,2023-04-14,md,1.423,2023
2380,LL,Rohan,live oak,2023-05-12,md,1.25,2023
2380,LL,Rohan,live oak,2023-05-12,md,1.24,2023
2380,LL,Rohan,live oak,2023-04-14,pd,0.35,2023
2380,LL,Rohan,live oak,2023-09-29,pd,0.2,2023
2380,LL,Rohan,live oak,2023-09-29,pd,0.4,2023
2380,LL,Rohan,live oak,2023-07-28,md,1.952,2023
2380,LL,Rohan,live oak,2023-05-12,md,1.64,2023
2380,LL,Rohan,live oak,2023-07-28,md,1.883,2023
2380,LL,Rohan,live oak,2023-04-14,md,1.264,2023
2380,LL,Rohan,live oak,2023-07-28,md,1.743,2023
2380,LL,Rohan,live oak,2023-04-14,md,1.294,2023
2381,LL,Weathertop,blue oak,2023-05-12,md,2.3,2023
2381,LL,Weathertop,blue oak,2023-05-12,md,2.09,2023
2381,LL,Weathertop,blue oak,2023-05-12,pd,0.275,2023
2381,LL,Weathertop,blue oak,2023-05-12,md,2.1,2023
2381,LL,Weathertop,blue oak,2023-04-14,md,1.413,2023
2381,LL,Weathertop,blue oak,2023-04-14,md,1.382,2023
2381,LL,Weathertop,blue oak,2023-04-14,pd,0.15,2023
2381,LL,Weathertop,blue oak,2023-04-14,pd,0.175,2023
2381,LL,Weathertop,blue oak,2023-05-12,pd,0.25,2023
2381,LL,Weathertop,blue oak,2023-07-28,pd,1.15,2023
2381,LL,Weathertop,blue oak,2023-04-14,pd,0.325,2023
2381,LL,Weathertop,blue oak,2023-05-12,pd,0.325,2023
2381,LL,Weathertop,blue oak,2023-04-14,pd,0.2,2023
2381,LL,Weathertop,blue oak,2023-04-14,pd,0.3,2023
2381,LL,Weathertop,blue oak,2023-04-14,pd,0.2,2023
2381,LL,Weathertop,blue oak,2023-05-12,md,1.45,2023
2381,LL,Weathertop,blue oak,2023-09-29,pd,1.079,2023
2381,LL,Weathertop,blue oak,2023-04-14,pd,0.2,2023
2381,LL,Weathertop,blue oak,2023-04-14,md,0.916,2023
2381,LL,Weathertop,blue oak,2023-05-12,md,1.3,2023
2381,LL,Weathertop,blue oak,2023-04-14,md,1.023,2023
2381,LL,Weathertop,blue oak,2023-05-12,md,1.45,2023
2381,LL,Weathertop,blue oak,2023-07-28,md,3.81,2023
2381,LL,Weathertop,blue oak,2023-07-28,pd,1.1,2023
2381,LL,Weathertop,blue oak,2023-07-28,md,3.54,2023
2381,LL,Weathertop,blue oak,2023-04-14,pd,0.25,2023
2381,LL,Weathertop,blue oak,2023-09-29,pd,1.311,2023
2381,LL,Weathertop,blue oak,2023-07-28,md,4.05,2023
2381,LL,Weathertop,blue oak,2023-09-29,pd,1.038,2023
2381,LL,Weathertop,blue oak,2023-09-29,pd,1.158,2023
2381,LL,Weathertop,blue oak,2023-05-12,md,1.65,2023
2381,LL,Weathertop,blue oak,2023-09-29,pd,0.988,2023
2381,LL,Weathertop,blue oak,2023-07-28,md,3.95,2023
2381,LL,Weathertop,blue oak,2023-05-12,md,1.9,2023
2382,LL,Weathertop,blue oak,2023-07-28,pd,1.5,2023
2382,LL,Weathertop,blue oak,2023-09-29,pd,0.81,2023
2382,LL,Weathertop,blue oak,2023-04-14,pd,0.25,2023
2382,LL,Weathertop,blue oak,2023-07-28,pd,1.5,2023
2382,LL,Weathertop,blue oak,2023-04-14,md,0.768,2023
2382,LL,Weathertop,blue oak,2023-04-14,pd,0.2,2023
2382,LL,Weathertop,blue oak,2023-05-12,pd,0.21,2023
2382,LL,Weathertop,blue oak,2023-05-12,pd,0.19,2023
2382,LL,Weathertop,blue oak,2023-09-29,pd,0.81,2023
2382,LL,Weathertop,blue oak,2023-04-14,md,1.234,2023
2382,LL,Weathertop,blue oak,2023-09-29,pd,0.86,2023
2382,LL,Weathertop,blue oak,2023-04-14,md,0.792,2023
2382,LL,Weathertop,blue oak,2023-07-28,pd,1.9,2023
2382,LL,Weathertop,blue oak,2023-05-12,pd,0.225,2023
2382,LL,Weathertop,blue oak,2023-04-14,pd,0.25,2023
2382,LL,Weathertop,blue oak,2023-07-28,md,3.57,2023
2382,LL,Weathertop,blue oak,2023-04-14,md,0.801,2023
2382,LL,Weathertop,blue oak,2023-04-14,md,1.362,2023
2382,LL,Weathertop,blue oak,2023-07-28,md,3.332,2023
2382,LL,Weathertop,blue oak,2023-09-29,pd,0.6,2023
2382,LL,Weathertop,blue oak,2023-05-12,pd,0.16,2023
2382,LL,Weathertop,blue oak,2023-07-28,md,3.935,2023
2382,LL,Weathertop,blue oak,2023-07-28,md,3.609,2023
2382,LL,Weathertop,blue oak,2023-07-28,md,3.666,2023
2382,LL,Weathertop,blue oak,2023-04-14,md,1.332,2023
2382,LL,Weathertop,blue oak,2023-07-28,md,3.36,2023
2383,LL,Weathertop,blue oak,2023-05-12,pd,0.46,2023
2383,LL,Weathertop,blue oak,2023-07-28,pd,1,2023
2383,LL,Weathertop,blue oak,2023-05-12,md,2.25,2023
2383,LL,Weathertop,blue oak,2023-05-12,pd,0.4,2023
2383,LL,Weathertop,blue oak,2023-05-12,md,2.15,2023
2383,LL,Weathertop,blue oak,2023-09-29,pd,1.5,2023
2383,LL,Weathertop,blue oak,2023-07-28,pd,1.1,2023
2383,LL,Weathertop,blue oak,2023-07-28,md,2.436,2023
2383,LL,Weathertop,blue oak,2023-07-28,md,2.998,2023
2383,LL,Weathertop,blue oak,2023-05-12,md,2.701,2023
2383,LL,Weathertop,blue oak,2023-04-14,pd,0.175,2023
2383,LL,Weathertop,blue oak,2023-05-12,md,2.2,2023
2383,LL,Weathertop,blue oak,2023-05-12,pd,0.45,2023
2383,LL,Weathertop,blue oak,2023-09-29,pd,1.582,2023
2383,LL,Weathertop,blue oak,2023-05-12,md,2.5,2023
2383,LL,Weathertop,blue oak,2023-09-29,pd,1.431,2023
2383,LL,Weathertop,blue oak,2023-04-14,pd,0.2,2023
2383,LL,Weathertop,blue oak,2023-07-28,pd,1.25,2023
2383,LL,Weathertop,blue oak,2023-09-29,pd,1.338,2023
2383,LL,Weathertop,blue oak,2023-04-14,pd,0.175,2023
2383,LL,Weathertop,blue oak,2023-05-12,md,1.55,2023
2383,LL,Weathertop,blue oak,2023-09-29,md,4.37,2023
2383,LL,Weathertop,blue oak,2023-07-28,md,2.953,2023
2383,LL,Weathertop,blue oak,2023-09-29,md,4.48,2023
2383,LL,Weathertop,blue oak,2023-05-12,md,1.75,2023
2383,LL,Weathertop,blue oak,2023-05-12,md,1.6,2023
2383,LL,Weathertop,blue oak,2023-09-29,md,4.48,2023
2384,LL,Weathertop,blue oak,2023-09-29,pd,1.408,2023
2384,LL,Weathertop,blue oak,2023-09-29,pd,1.251,2023
2384,LL,Weathertop,blue oak,2023-09-29,pd,1.06,2023
2384,LL,Weathertop,blue oak,2023-07-28,pd,1.3,2023
2384,LL,Weathertop,blue oak,2023-05-12,pd,0.26,2023
2384,LL,Weathertop,blue oak,2023-07-28,pd,1.4,2023
2384,LL,Weathertop,blue oak,2023-07-28,pd,1.4,2023
2384,LL,Weathertop,blue oak,2023-09-29,pd,1.077,2023
2384,LL,Weathertop,blue oak,2023-09-29,pd,1.095,2023
2384,LL,Weathertop,blue oak,2023-04-14,md,1.062,2023
2384,LL,Weathertop,blue oak,2023-04-14,md,1.17,2023
2384,LL,Weathertop,blue oak,2023-04-14,md,1.026,2023
2384,LL,Weathertop,blue oak,2023-07-28,md,3.182,2023
2384,LL,Weathertop,blue oak,2023-07-28,md,3.005,2023
2384,LL,Weathertop,blue oak,2023-07-28,md,3.17,2023
2384,LL,Weathertop,blue oak,2023-05-12,pd,0.34,2023
2384,LL,Weathertop,blue oak,2023-05-12,pd,0.3,2023
2384,LL,Weathertop,blue oak,2023-04-14,pd,0.15,2023
2384,LL,Weathertop,blue oak,2023-04-14,pd,0.175,2023
2384,LL,Weathertop,blue oak,2023-04-14,pd,0.175,2023
2384,LL,Weathertop,blue oak,2023-09-29,pd,1.28,2023
