"","branch","file","week","day","tree_id","notes_leaf_area","more_notes_leaf_area","area_cm2","species","date_leaf_area","year_leaf_area"
"1","0","txt",17,27,"1478",NA,NA,32.684,"B",2022-04-27,"0"
"2","0","txt",17,27,"1478",NA,NA,31.034,"B",2022-04-27,"0"
"3","0","txt",17,27,"1478",NA,NA,15.746,"B",2022-04-27,"0"
"4","0","txt",14,4,"1478",NA,NA,32.537,"B",2022-04-04,"0"
"5","0","txt",14,4,"1478",NA,NA,28.114,"B",2022-04-04,"0"
"6","0","txt",14,4,"1478",NA,NA,23.834,"B",2022-04-04,"0"
"7","0","txt",29,19,"1478",NA,NA,34.708,"B",2022-07-19,"0"
"8","0","txt",29,19,"1478",NA,NA,33.483,"B",2022-07-19,"0"
"9","0","txt",29,19,"1478",NA,NA,18.659,"B",2022-07-19,"0"
"10","0","txt",17,27,"2004",NA,NA,33.565,"B",2022-04-27,"0"
"11","0","txt",17,27,"2004",NA,NA,13.381,"B",2022-04-27,"0"
"12","0","txt",17,27,"2004",NA,NA,14.838,"B",2022-04-27,"0"
"13","0","txt",14,4,"2004",NA,NA,36.481,"B",2022-04-04,"0"
"14","0","txt",14,4,"2004",NA,NA,31.795,"B",2022-04-04,"0"
"15","0","txt",14,4,"2004",NA,NA,19.457,"B",2022-04-04,"0"
"16","0","txt",29,19,"2004",NA,NA,17.625,"B",2022-07-19,"0"
"17","0","txt",29,19,"2004",NA,NA,11.508,"B",2022-07-19,"0"
"18","0","txt",29,19,"2004",NA,NA,19.433,"B",2022-07-19,"0"
"19","0","txt",17,27,"2005",NA,NA,39.518,"B",2022-04-27,"0"
"20","0","txt",17,27,"2005",NA,NA,36.447,"B",2022-04-27,"0"
"21","0","txt",17,27,"2005",NA,NA,55.495,"B",2022-04-27,"0"
"22","0","txt",14,4,"2005",NA,NA,32.996,"B",2022-04-04,"0"
"23","0","txt",14,4,"2005",NA,NA,41.111,"B",2022-04-04,"0"
"24","0","txt",14,4,"2005",NA,NA,35.35,"B",2022-04-04,"0"
"25","0","txt",29,19,"2005",NA,NA,62.886,"B",2022-07-19,"0"
"26","0","txt",29,19,"2005",NA,NA,59.853,"B",2022-07-19,"0"
"27","0","txt",29,19,"2005",NA,NA,37.19,"B",2022-07-19,"0"
"28","0","txt",17,27,"2006",NA,NA,50.411,"B",2022-04-27,"0"
"29","0","txt",17,27,"2006",NA,NA,41.002,"B",2022-04-27,"0"
"30","0","txt",17,27,"2006",NA,NA,15.059,"B",2022-04-27,"0"
"31","0","txt",29,19,"2006",NA,NA,17.479,"B",2022-07-19,"0"
"32","0","txt",29,19,"2006",NA,NA,20.755,"B",2022-07-19,"0"
"33","0","txt",29,19,"2006",NA,NA,21.595,"B",2022-07-19,"0"
"34","0","txt",17,27,"2007",NA,NA,29.795,"B",2022-04-27,"0"
"35","0","txt",17,27,"2007",NA,NA,29.003,"B",2022-04-27,"0"
"36","0","txt",17,27,"2007",NA,NA,16.573,"B",2022-04-27,"0"
"37","0","txt",14,4,"2007",NA,NA,21.548,"B",2022-04-04,"0"
"38","0","txt",14,4,"2007",NA,NA,13.072,"B",2022-04-04,"0"
"39","0","txt",14,4,"2007",NA,NA,36.239,"B",2022-04-04,"0"
"40","0","txt",29,19,"2007",NA,NA,32.303,"B",2022-07-19,"0"
"41","0","txt",29,19,"2007",NA,NA,19.703,"B",2022-07-19,"0"
"42","0","txt",29,19,"2007",NA,NA,17.857,"B",2022-07-19,"0"
"43","0","txt",14,4,"2008",NA,NA,26.426,"B",2022-04-04,"0"
"44","0","txt",14,4,"2008",NA,NA,30.991,"B",2022-04-04,"0"
"45","0","txt",14,4,"2008",NA,NA,24.088,"B",2022-04-04,"0"
"46","0","txt",13,30,"2009",NA,NA,20.239,"B",2022-03-30,"0"
"47","0","txt",13,30,"2009",NA,NA,26.665,"B",2022-03-30,"0"
"48","0","txt",13,30,"2009",NA,NA,23.959,"B",2022-03-30,"0"
"49","0","txt",13,30,"2009",NA,NA,33.638,"B",2022-03-30,"0"
"50","0","txt",13,30,"2009",NA,NA,22.994,"B",2022-03-30,"0"
"51","0","txt",13,30,"2009",NA,NA,17.116,"B",2022-03-30,"0"
"52","0","txt",17,25,"2009",NA,NA,35.268,"B",2022-04-25,"0"
"53","0","txt",17,25,"2009",NA,NA,32.056,"B",2022-04-25,"0"
"54","0","txt",17,25,"2009",NA,NA,24.25,"B",2022-04-25,"0"
"55","0","txt",21,23,"2009",NA,NA,26.321,"B",2022-05-23,"0"
"56","0","txt",21,23,"2009",NA,NA,21.758,"B",2022-05-23,"0"
"57","0","txt",21,23,"2009",NA,NA,13.715,"B",2022-05-23,"0"
"58","0","txt",29,19,"2009",NA,NA,15.585,"B",2022-07-19,"0"
"59","0","txt",29,19,"2009",NA,NA,25.335,"B",2022-07-19,"0"
"60","0","txt",29,19,"2009",NA,NA,23.4,"B",2022-07-19,"0"
"61","0","txt",17,25,"2010",NA,NA,32.976,"B",2022-04-25,"0"
"62","0","txt",17,25,"2010",NA,NA,26.048,"B",2022-04-25,"0"
"63","0","txt",17,25,"2010",NA,NA,30.164,"B",2022-04-25,"0"
"64","0","txt",21,23,"2010",NA,NA,31.499,"B",2022-05-23,"0"
"65","0","txt",21,23,"2010",NA,NA,47.289,"B",2022-05-23,"0"
"66","0","txt",21,23,"2010",NA,NA,40.646,"B",2022-05-23,"0"
"67","0","txt",29,19,"2010",NA,NA,41.416,"B",2022-07-19,"0"
"68","0","txt",29,19,"2010",NA,NA,32.972,"B",2022-07-19,"0"
"69","0","txt",29,19,"2010",NA,NA,30.399,"B",2022-07-19,"0"
"70","0","txt",29,19,"2010",NA,NA,25.553,"B",2022-07-19,"0"
"71","0","txt",29,19,"2010",NA,NA,22.885,"B",2022-07-19,"0"
"72","0","txt",29,19,"2010",NA,NA,36.141,"B",2022-07-19,"0"
"73","0","txt",17,25,"2011",NA,NA,27.748,"B",2022-04-25,"0"
"74","0","txt",17,25,"2011",NA,NA,20.709,"B",2022-04-25,"0"
"75","0","txt",17,25,"2011",NA,NA,28.311,"B",2022-04-25,"0"
"76","0","txt",21,23,"2011",NA,NA,21.451,"B",2022-05-23,"0"
"77","0","txt",21,23,"2011",NA,NA,15.039,"B",2022-05-23,"0"
"78","0","txt",21,23,"2011",NA,NA,18.489,"B",2022-05-23,"0"
"79","0","txt",29,19,"2011",NA,NA,23.136,"B",2022-07-19,"0"
"80","0","txt",29,19,"2011",NA,NA,18.519,"B",2022-07-19,"0"
"81","0","txt",29,19,"2011",NA,NA,25.467,"B",2022-07-19,"0"
"82","0","txt",17,27,"2012",NA,NA,16.266,"B",2022-04-27,"0"
"83","0","txt",17,27,"2012",NA,NA,12.928,"B",2022-04-27,"0"
"84","0","txt",17,27,"2012",NA,NA,15.298,"B",2022-04-27,"0"
"85","0","txt",14,4,"2012",NA,NA,13.289,"B",2022-04-04,"0"
"86","0","txt",14,4,"2012",NA,NA,13.729,"B",2022-04-04,"0"
"87","0","txt",14,4,"2012",NA,NA,5.928,"B",2022-04-04,"0"
"88","0","txt",29,19,"2012",NA,NA,28.44,"B",2022-07-19,"0"
"89","0","txt",29,19,"2012",NA,NA,14.727,"B",2022-07-19,"0"
"90","0","txt",29,19,"2012",NA,NA,18.08,"B",2022-07-19,"0"
"91","0","txt",14,4,"2013",NA,NA,21.807,"B",2022-04-04,"0"
"92","0","txt",14,4,"2013",NA,NA,13.067,"B",2022-04-04,"0"
"93","0","txt",14,4,"2013",NA,NA,24.131,"B",2022-04-04,"0"
"94","0","txt",29,19,"2013",NA,NA,14.733,"B",2022-07-19,"0"
"95","0","txt",29,19,"2013",NA,NA,32.635,"B",2022-07-19,"0"
"96","0","txt",14,4,"2014",NA,NA,29.365,"B",2022-04-04,"0"
"97","0","txt",14,4,"2014",NA,NA,26.01,"B",2022-04-04,"0"
"98","0","txt",14,4,"2014",NA,NA,26.735,"B",2022-04-04,"0"
"99","0","txt",17,27,"2015",NA,NA,20.585,"B",2022-04-27,"0"
"100","0","txt",17,27,"2015",NA,NA,16.392,"B",2022-04-27,"0"
"101","0","txt",17,27,"2015",NA,NA,9.982,"B",2022-04-27,"0"
"102","0","txt",14,4,"2015",NA,NA,27.126,"B",2022-04-04,"0"
"103","0","txt",14,4,"2015",NA,NA,20.048,"B",2022-04-04,"0"
"104","0","txt",14,4,"2015",NA,NA,20.566,"B",2022-04-04,"0"
"105","0","txt",29,19,"2015",NA,NA,17.122,"B",2022-07-19,"0"
"106","0","txt",29,19,"2015",NA,NA,20.286,"B",2022-07-19,"0"
"107","0","txt",29,19,"2015",NA,NA,20.363,"B",2022-07-19,"0"
"108","0","txt",13,30,"2020",NA,NA,28.882,"B",2022-03-30,"0"
"109","0","txt",13,30,"2020",NA,NA,51.102,"B",2022-03-30,"0"
"110","0","txt",13,30,"2020",NA,NA,39.945,"B",2022-03-30,"0"
"111","0","txt",17,27,"2020",NA,NA,35.975,"B",2022-04-27,"0"
"112","0","txt",17,27,"2020",NA,NA,24.361,"B",2022-04-27,"0"
"113","0","txt",17,27,"2020",NA,NA,24.352,"B",2022-04-27,"0"
"114","0","txt",14,4,"2020",NA,NA,17.28,"B",2022-04-04,"0"
"115","0","txt",14,4,"2020",NA,NA,17.881,"B",2022-04-04,"0"
"116","0","txt",14,4,"2020",NA,NA,15.827,"B",2022-04-04,"0"
"117","0","txt",21,23,"2020",NA,NA,12.116,"B",2022-05-23,"0"
"118","0","txt",21,23,"2020",NA,NA,20.363,"B",2022-05-23,"0"
"119","0","txt",21,23,"2020",NA,NA,19.433,"B",2022-05-23,"0"
"120","0","txt",29,19,"2020",NA,NA,19.63,"B",2022-07-19,"0"
"121","0","txt",29,19,"2020",NA,NA,13.61,"B",2022-07-19,"0"
"122","0","txt",29,19,"2020",NA,NA,13.975,"B",2022-07-19,"0"
"123","0","txt",17,27,"2021",NA,NA,22.918,"B",2022-04-27,"0"
"124","0","txt",17,27,"2021",NA,NA,15.404,"B",2022-04-27,"0"
"125","0","txt",17,27,"2021",NA,NA,19.235,"B",2022-04-27,"0"
"126","0","txt",14,4,"2021",NA,NA,22.617,"B",2022-04-04,"0"
"127","0","txt",14,4,"2021",NA,NA,13.269,"B",2022-04-04,"0"
"128","0","txt",14,4,"2021",NA,NA,30.128,"B",2022-04-04,"0"
"129","0","txt",21,23,"2021",NA,NA,24.506,"B",2022-05-23,"0"
"130","0","txt",21,23,"2021",NA,NA,27.174,"B",2022-05-23,"0"
"131","0","txt",21,23,"2021",NA,NA,20.582,"B",2022-05-23,"0"
"132","0","txt",29,19,"2021",NA,NA,19.176,"B",2022-07-19,"0"
"133","0","txt",29,19,"2021",NA,NA,17.049,"B",2022-07-19,"0"
"134","0","txt",29,19,"2021",NA,NA,21.822,"B",2022-07-19,"0"
"135","0","txt",17,27,"2024",NA,NA,29.53,"B",2022-04-27,"0"
"136","0","txt",17,27,"2024",NA,NA,18.249,"B",2022-04-27,"0"
"137","0","txt",17,27,"2024",NA,NA,34.068,"B",2022-04-27,"0"
"138","0","txt",14,4,"2024",NA,NA,42.191,"B",2022-04-04,"0"
"139","0","txt",14,4,"2024",NA,NA,50.501,"B",2022-04-04,"0"
"140","0","txt",14,4,"2024",NA,NA,33.536,"B",2022-04-04,"0"
"141","0","txt",21,23,"2024",NA,NA,37.982,"B",2022-05-23,"0"
"142","0","txt",21,23,"2024",NA,NA,43.101,"B",2022-05-23,"0"
"143","0","txt",21,23,"2024",NA,NA,41.033,"B",2022-05-23,"0"
"144","0","txt",29,19,"2024",NA,NA,49.277,"B",2022-07-19,"0"
"145","0","txt",29,19,"2024",NA,NA,20.074,"B",2022-07-19,"0"
"146","0","txt",29,19,"2024",NA,NA,30.615,"B",2022-07-19,"0"
"147","0","txt",17,27,"2025",NA,NA,30.381,"B",2022-04-27,"0"
"148","0","txt",17,27,"2025",NA,NA,39.133,"B",2022-04-27,"0"
"149","0","txt",17,27,"2025",NA,NA,16.387,"B",2022-04-27,"0"
"150","0","txt",14,4,"2025",NA,NA,18.167,"B",2022-04-04,"0"
"151","0","txt",14,4,"2025",NA,NA,28.613,"B",2022-04-04,"0"
"152","0","txt",14,4,"2025",NA,NA,26.915,"B",2022-04-04,"0"
"153","0","txt",21,23,"2025",NA,NA,25.503,"B",2022-05-23,"0"
"154","0","txt",21,23,"2025",NA,NA,35.98,"B",2022-05-23,"0"
"155","0","txt",21,23,"2025",NA,NA,23.069,"B",2022-05-23,"0"
"156","0","txt",29,19,"2025",NA,NA,13.982,"B",2022-07-19,"0"
"157","0","txt",29,19,"2025",NA,NA,19.538,"B",2022-07-19,"0"
"158","0","txt",29,19,"2025",NA,NA,25.493,"B",2022-07-19,"0"
"159","0","txt",17,27,"2026",NA,NA,27.081,"B",2022-04-27,"0"
"160","0","txt",17,27,"2026",NA,NA,34.503,"B",2022-04-27,"0"
"161","0","txt",17,27,"2026",NA,NA,23.973,"B",2022-04-27,"0"
"162","0","txt",14,4,"2026",NA,NA,29.42,"B",2022-04-04,"0"
"163","0","txt",14,4,"2026",NA,NA,20.134,"B",2022-04-04,"0"
"164","0","txt",14,4,"2026",NA,NA,14.847,"B",2022-04-04,"0"
"165","0","txt",21,23,"2026",NA,NA,29.336,"B",2022-05-23,"0"
"166","0","txt",21,23,"2026",NA,NA,33.493,"B",2022-05-23,"0"
"167","0","txt",21,23,"2026",NA,NA,21.808,"B",2022-05-23,"0"
"168","0","txt",29,19,"2026",NA,NA,24.801,"B",2022-07-19,"0"
"169","0","txt",29,19,"2026",NA,NA,15.584,"B",2022-07-19,"0"
"170","0","txt",29,19,"2026",NA,NA,19.653,"B",2022-07-19,"0"
"171","0","txt",17,27,"2027",NA,NA,19.823,"B",2022-04-27,"0"
"172","0","txt",17,27,"2027",NA,NA,25.445,"B",2022-04-27,"0"
"173","0","txt",17,27,"2027",NA,NA,12.468,"B",2022-04-27,"0"
"174","0","txt",14,4,"2027",NA,NA,34.17,"B",2022-04-04,"0"
"175","0","txt",14,4,"2027",NA,NA,35.955,"B",2022-04-04,"0"
"176","0","txt",14,4,"2027",NA,NA,16.634,"B",2022-04-04,"0"
"177","0","txt",21,23,"2027",NA,NA,19.843,"B",2022-05-23,"0"
"178","0","txt",21,23,"2027",NA,NA,19.13,"B",2022-05-23,"0"
"179","0","txt",21,23,"2027",NA,NA,12.483,"B",2022-05-23,"0"
"180","0","txt",29,19,"2027",NA,NA,7.461,"B",2022-07-19,"0"
"181","0","txt",29,19,"2027",NA,NA,10.674,"B",2022-07-19,"0"
"182","0","txt",29,19,"2027",NA,NA,30.59,"B",2022-07-19,"0"
"183","0","txt",17,27,"2028",NA,NA,17.05,"B",2022-04-27,"0"
"184","0","txt",17,27,"2028",NA,NA,37.178,"B",2022-04-27,"0"
"185","0","txt",17,27,"2028",NA,NA,52.258,"B",2022-04-27,"0"
"186","0","txt",14,4,"2028",NA,NA,30.389,"B",2022-04-04,"0"
"187","1","txt",14,4,"2028",NA,NA,108.891,"B",2022-04-04,"1"
"188","0","txt",14,4,"2028",NA,NA,29.053,"B",2022-04-04,"0"
"189","1","txt",14,4,"2028",NA,NA,100.319,"B",2022-04-04,"1"
"190","0","txt",14,4,"2028",NA,NA,17.467,"B",2022-04-04,"0"
"191","1","txt",14,4,"2028",NA,NA,31.603,"B",2022-04-04,"1"
"192","0","txt",21,23,"2028",NA,NA,25.329,"B",2022-05-23,"0"
"193","0","txt",21,23,"2028",NA,NA,20.023,"B",2022-05-23,"0"
"194","0","txt",21,23,"2028",NA,NA,14.948,"B",2022-05-23,"0"
"195","0","txt",29,19,"2028",NA,NA,33.774,"B",2022-07-19,"0"
"196","0","txt",29,19,"2028",NA,NA,21.836,"B",2022-07-19,"0"
"197","0","txt",29,19,"2028",NA,NA,29.665,"B",2022-07-19,"0"
"198","0","txt",17,27,"2031",NA,NA,26.292,"B",2022-04-27,"0"
"199","0","txt",17,27,"2031",NA,NA,33.114,"B",2022-04-27,"0"
"200","0","txt",17,27,"2031",NA,NA,21.452,"B",2022-04-27,"0"
"201","0","txt",14,4,"2031",NA,NA,46.243,"B",2022-04-04,"0"
"202","0","txt",14,4,"2031",NA,NA,9.77,"B",2022-04-04,"0"
"203","0","txt",14,4,"2031",NA,NA,40.556,"B",2022-04-04,"0"
"204","0","txt",29,19,"2031",NA,NA,19.296,"B",2022-07-19,"0"
"205","0","txt",29,19,"2031",NA,NA,15.15,"B",2022-07-19,"0"
"206","0","txt",29,19,"2031",NA,NA,19.189,"B",2022-07-19,"0"
"207","0","txt",17,27,"2085",NA,NA,26.946,"B",2022-04-27,"0"
"208","0","txt",17,27,"2085",NA,NA,18.963,"B",2022-04-27,"0"
"209","0","txt",17,27,"2085",NA,NA,40.921,"B",2022-04-27,"0"
"210","0","txt",14,4,"2085",NA,NA,14.504,"B",2022-04-04,"0"
"211","0","txt",14,4,"2085",NA,NA,21.133,"B",2022-04-04,"0"
"212","0","txt",14,4,"2085",NA,NA,21.936,"B",2022-04-04,"0"
"213","0","txt",29,19,"2085",NA,NA,38.944,"B",2022-07-19,"0"
"214","0","txt",29,19,"2085",NA,NA,25.657,"B",2022-07-19,"0"
"215","0","txt",29,19,"2085",NA,NA,17.989,"B",2022-07-19,"0"
"216","0","txt",17,27,"2086",NA,NA,57.279,"B",2022-04-27,"0"
"217","0","txt",17,27,"2086",NA,NA,50.859,"B",2022-04-27,"0"
"218","0","txt",17,27,"2086",NA,NA,74.293,"B",2022-04-27,"0"
"219","0","txt",14,4,"2086",NA,NA,46.02,"B",2022-04-04,"0"
"220","0","txt",14,4,"2086",NA,NA,35.534,"B",2022-04-04,"0"
"221","0","txt",14,4,"2086",NA,NA,44.611,"B",2022-04-04,"0"
"222","0","txt",29,19,"2086",NA,NA,54,"B",2022-07-19,"0"
"223","0","txt",29,19,"2086",NA,NA,30.261,"B",2022-07-19,"0"
"224","0","txt",29,19,"2086",NA,NA,24.494,"B",2022-07-19,"0"
"225","0","txt",17,27,"2087",NA,NA,28.873,"B",2022-04-27,"0"
"226","0","txt",17,27,"2087",NA,NA,37.159,"B",2022-04-27,"0"
"227","0","txt",17,27,"2087",NA,NA,27.046,"B",2022-04-27,"0"
"228","0","txt",14,4,"2087",NA,NA,68.22,"B",2022-04-04,"0"
"229","0","txt",14,4,"2087",NA,NA,32.345,"B",2022-04-04,"0"
"230","0","txt",14,4,"2087",NA,NA,34.271,"B",2022-04-04,"0"
"231","0","txt",29,19,"2087",NA,NA,17.375,"B",2022-07-19,"0"
"232","0","txt",29,19,"2087",NA,NA,22.988,"B",2022-07-19,"0"
"233","0","txt",29,19,"2087",NA,NA,19.792,"B",2022-07-19,"0"
"234","0","txt",17,27,"2088",NA,NA,30.35,"B",2022-04-27,"0"
"235","0","txt",17,27,"2088",NA,NA,26.218,"B",2022-04-27,"0"
"236","0","txt",17,27,"2088",NA,NA,26.778,"B",2022-04-27,"0"
"237","0","txt",14,4,"2088",NA,NA,10.168,"B",2022-04-04,"0"
"238","0","txt",14,4,"2088",NA,NA,16.239,"B",2022-04-04,"0"
"239","0","txt",14,4,"2088",NA,NA,26.417,"B",2022-04-04,"0"
"240","0","txt",29,19,"2088",NA,NA,29.398,"B",2022-07-19,"0"
"241","0","txt",29,19,"2088",NA,NA,24.759,"B",2022-07-19,"0"
"242","0","txt",29,19,"2088",NA,NA,23.846,"B",2022-07-19,"0"
"243","0","txt",17,27,"2090",NA,NA,29.421,"B",2022-04-27,"0"
"244","0","txt",17,27,"2090",NA,NA,35.085,"B",2022-04-27,"0"
"245","0","txt",17,27,"2090",NA,NA,19.848,"B",2022-04-27,"0"
"246","0","txt",14,4,"2090",NA,NA,25.116,"B",2022-04-04,"0"
"247","0","txt",14,4,"2090",NA,NA,31.618,"B",2022-04-04,"0"
"248","0","txt",14,4,"2090",NA,NA,20.186,"B",2022-04-04,"0"
"249","0","txt",29,19,"2090",NA,NA,17.652,"B",2022-07-19,"0"
"250","0","txt",29,19,"2090",NA,NA,24.689,"B",2022-07-19,"0"
"251","0","txt",29,19,"2090",NA,NA,34.564,"B",2022-07-19,"0"
"252","0","txt",21,23,"2301",NA,NA,22.763,"B",2022-05-23,"0"
"253","0","txt",21,23,"2301",NA,NA,37.052,"B",2022-05-23,"0"
"254","0","txt",21,23,"2301",NA,NA,15.554,"B",2022-05-23,"0"
"255","0","txt",13,30,"2343",NA,NA,32.975,"B",2022-03-30,"0"
"256","0","txt",13,30,"2343",NA,NA,33.701,"B",2022-03-30,"0"
"257","0","txt",13,30,"2343",NA,NA,33.193,"B",2022-03-30,"0"
"258","0","txt",17,25,"2343",NA,NA,31.878,"B",2022-04-25,"0"
"259","0","txt",17,25,"2343",NA,NA,41.22,"B",2022-04-25,"0"
"260","0","txt",17,25,"2343",NA,NA,36.887,"B",2022-04-25,"0"
"261","0","txt",29,19,"2343",NA,NA,42.123,"B",2022-07-19,"0"
"262","0","txt",29,19,"2343",NA,NA,49.042,"B",2022-07-19,"0"
"263","0","txt",29,19,"2343",NA,NA,35.318,"B",2022-07-19,"0"
"264","0","txt",13,30,"2346",NA,NA,18.816,"B",2022-03-30,"0"
"265","0","txt",13,30,"2346",NA,NA,24.348,"B",2022-03-30,"0"
"266","0","txt",13,30,"2346",NA,NA,22.534,"B",2022-03-30,"0"
"267","0","txt",17,25,"2346",NA,NA,16.382,"B",2022-04-25,"0"
"268","0","txt",17,25,"2346",NA,NA,10.337,"B",2022-04-25,"0"
"269","0","txt",17,25,"2346",NA,NA,15.292,"B",2022-04-25,"0"
"270","0","txt",21,23,"2346",NA,NA,11.26,"B",2022-05-23,"0"
"271","0","txt",21,23,"2346",NA,NA,11.782,"B",2022-05-23,"0"
"272","0","txt",21,23,"2346",NA,NA,7.476,"B",2022-05-23,"0"
"273","0","txt",29,19,"2346",NA,NA,10.887,"B",2022-07-19,"0"
"274","0","txt",29,19,"2346",NA,NA,16.113,"B",2022-07-19,"0"
"275","0","txt",29,19,"2346",NA,NA,11.931,"B",2022-07-19,"0"
"276","0","txt",13,30,"2347",NA,NA,36.051,"B",2022-03-30,"0"
"277","0","txt",13,30,"2347",NA,NA,16.158,"B",2022-03-30,"0"
"278","0","txt",13,30,"2347",NA,NA,21.112,"B",2022-03-30,"0"
"279","0","txt",17,25,"2347",NA,NA,31.202,"B",2022-04-25,"0"
"280","0","txt",17,25,"2347",NA,NA,28.486,"B",2022-04-25,"0"
"281","0","txt",17,25,"2347",NA,NA,32.32,"B",2022-04-25,"0"
"282","0","txt",21,23,"2347",NA,NA,27.063,"B",2022-05-23,"0"
"283","0","txt",21,23,"2347",NA,NA,15.161,"B",2022-05-23,"0"
"284","0","txt",21,23,"2347",NA,NA,18.624,"B",2022-05-23,"0"
"285","0","txt",29,19,"2347",NA,NA,22.809,"B",2022-07-19,"0"
"286","0","txt",29,19,"2347",NA,NA,34.651,"B",2022-07-19,"0"
"287","0","txt",29,19,"2347",NA,NA,10.145,"B",2022-07-19,"0"
"288","0","txt",17,25,"234x",NA,NA,23.696,"B",2022-04-25,"0"
"289","0","txt",17,25,"234x",NA,NA,20.472,"B",2022-04-25,"0"
"290","0","txt",17,25,"234x","either2347or2346",NA,35.422,"B",2022-04-25,"0"
"291","0","txt",17,27,"2354",NA,NA,21.44,"B",2022-04-27,"0"
"292","0","txt",17,27,"2354",NA,NA,49.802,"B",2022-04-27,"0"
"293","0","txt",17,27,"2354",NA,NA,36.448,"B",2022-04-27,"0"
"294","0","txt",13,30,"2360",NA,NA,15.816,"B",2022-03-30,"0"
"295","0","txt",13,30,"2360",NA,NA,28.313,"B",2022-03-30,"0"
"296","0","txt",13,30,"2360",NA,NA,37.26,"B",2022-03-30,"0"
"297","0","txt",17,25,"2360",NA,NA,30.066,"B",2022-04-25,"0"
"298","0","txt",17,25,"2360",NA,NA,18.823,"B",2022-04-25,"0"
"299","0","txt",17,25,"2360",NA,NA,14.093,"B",2022-04-25,"0"
"300","0","txt",21,23,"2360",NA,NA,44.946,"B",2022-05-23,"0"
"301","0","txt",21,23,"2360",NA,NA,26.954,"B",2022-05-23,"0"
"302","0","txt",21,23,"2360",NA,NA,44.072,"B",2022-05-23,"0"
"303","0","txt",29,19,"2360",NA,NA,19.203,"B",2022-07-19,"0"
"304","0","txt",29,19,"2360",NA,NA,18.526,"B",2022-07-19,"0"
"305","0","txt",29,19,"2360",NA,NA,19.994,"B",2022-07-19,"0"
"306","0","txt",17,25,"2365",NA,NA,15.554,"B",2022-04-25,"0"
"307","0","txt",17,25,"2365",NA,NA,13.708,"B",2022-04-25,"0"
"308","0","txt",17,25,"2365",NA,NA,21.612,"B",2022-04-25,"0"
"309","0","txt",29,19,"2365",NA,NA,19.876,"B",2022-07-19,"0"
"310","0","txt",29,19,"2365",NA,NA,20.129,"B",2022-07-19,"0"
"311","0","txt",29,19,"2365",NA,NA,27.638,"B",2022-07-19,"0"
"312","0","txt",17,25,"2367",NA,NA,17.267,"B",2022-04-25,"0"
"313","0","txt",17,25,"2367",NA,NA,13.77,"B",2022-04-25,"0"
"314","0","txt",17,25,"2367",NA,NA,15.731,"B",2022-04-25,"0"
"315","0","txt",21,23,"2367",NA,NA,19.389,"B",2022-05-23,"0"
"316","0","txt",21,23,"2367",NA,NA,23.273,"B",2022-05-23,"0"
"317","0","txt",21,23,"2367",NA,NA,21.958,"B",2022-05-23,"0"
"318","0","txt",29,19,"2367",NA,NA,13.541,"B",2022-07-19,"0"
"319","0","txt",29,19,"2367",NA,NA,8.582,"B",2022-07-19,"0"
"320","0","txt",29,19,"2367",NA,NA,13.621,"B",2022-07-19,"0"
"321","0","txt",17,25,"2369",NA,NA,19.414,"B",2022-04-25,"0"
"322","0","txt",17,25,"2369",NA,NA,23.616,"B",2022-04-25,"0"
"323","0","txt",17,25,"2369",NA,NA,29.66,"B",2022-04-25,"0"
"324","0","txt",29,19,"2369",NA,NA,5.01,"B",2022-07-19,"0"
"325","0","txt",29,19,"2369",NA,NA,10.741,"B",2022-07-19,"0"
"326","0","txt",29,19,"2369",NA,NA,10.007,"B",2022-07-19,"0"
"327","0","txt",17,25,"2370",NA,NA,15.13,"B",2022-04-25,"0"
"328","0","txt",17,25,"2370",NA,NA,13.366,"B",2022-04-25,"0"
"329","0","txt",17,25,"2370",NA,NA,13.851,"B",2022-04-25,"0"
"330","0","txt",21,23,"2370",NA,NA,15.753,"B",2022-05-23,"0"
"331","0","txt",21,23,"2370",NA,NA,19.275,"B",2022-05-23,"0"
"332","0","txt",21,23,"2370",NA,NA,15.932,"B",2022-05-23,"0"
"333","0","txt",13,30,"2371",NA,NA,21.252,"B",2022-03-30,"0"
"334","0","txt",13,30,"2371",NA,NA,24.611,"B",2022-03-30,"0"
"335","0","txt",13,30,"2371",NA,NA,19.518,"B",2022-03-30,"0"
"336","0","txt",17,25,"2371",NA,NA,32.287,"B",2022-04-25,"0"
"337","0","txt",17,25,"2371",NA,NA,40.225,"B",2022-04-25,"0"
"338","0","txt",17,25,"2371",NA,NA,22.009,"B",2022-04-25,"0"
"339","0","txt",21,23,"2371",NA,NA,34.195,"B",2022-05-23,"0"
"340","0","txt",21,23,"2371",NA,NA,21.659,"B",2022-05-23,"0"
"341","0","txt",21,23,"2371",NA,NA,18.454,"B",2022-05-23,"0"
"342","0","txt",29,19,"2371",NA,NA,13.869,"B",2022-07-19,"0"
"343","0","txt",29,19,"2371",NA,NA,32.109,"B",2022-07-19,"0"
"344","0","txt",29,19,"2371",NA,NA,33.288,"B",2022-07-19,"0"
"345","0","txt",13,30,"2372",NA,NA,25.431,"B",2022-03-30,"0"
"346","0","txt",13,30,"2372",NA,NA,15.161,"B",2022-03-30,"0"
"347","0","txt",13,30,"2372",NA,NA,35.353,"B",2022-03-30,"0"
"348","0","txt",17,25,"2372",NA,NA,36.349,"B",2022-04-25,"0"
"349","0","txt",17,25,"2372",NA,NA,30.69,"B",2022-04-25,"0"
"350","0","txt",17,25,"2372",NA,NA,41.452,"B",2022-04-25,"0"
"351","0","txt",21,23,"2372",NA,NA,32.65,"B",2022-05-23,"0"
"352","0","txt",21,23,"2372",NA,NA,41.149,"B",2022-05-23,"0"
"353","0","txt",21,23,"2372",NA,NA,26.231,"B",2022-05-23,"0"
"354","0","txt",29,19,"2372",NA,NA,26.042,"B",2022-07-19,"0"
"355","0","txt",29,19,"2372",NA,NA,19.196,"B",2022-07-19,"0"
"356","0","txt",29,19,"2372",NA,NA,10.052,"B",2022-07-19,"0"
"357","0","txt",13,30,"2373",NA,NA,14.968,"B",2022-03-30,"0"
"358","0","txt",21,23,"2375",NA,NA,28.905,"B",2022-05-23,"0"
"359","0","txt",21,23,"2375",NA,NA,29.118,"B",2022-05-23,"0"
"360","0","txt",21,23,"2375",NA,NA,16.756,"B",2022-05-23,"0"
"361","0","txt",29,19,"2375",NA,NA,20.099,"B",2022-07-19,"0"
"362","0","txt",29,19,"2375",NA,NA,9.988,"B",2022-07-19,"0"
"363","0","txt",29,19,"2375",NA,NA,11.276,"B",2022-07-19,"0"
"364","0","txt",13,30,"2378",NA,NA,42.866,"B",2022-03-30,"0"
"365","0","txt",13,30,"2378",NA,NA,36.585,"B",2022-03-30,"0"
"366","0","txt",17,25,"2378",NA,NA,58.004,"B",2022-04-25,"0"
"367","0","txt",17,25,"2378",NA,NA,31.304,"B",2022-04-25,"0"
"368","0","txt",17,25,"2378",NA,NA,30.4,"B",2022-04-25,"0"
"369","0","txt",21,23,"2378",NA,NA,56.059,"B",2022-05-23,"0"
"370","0","txt",21,23,"2378",NA,NA,28.976,"B",2022-05-23,"0"
"371","0","txt",21,23,"2378",NA,NA,26.774,"B",2022-05-23,"0"
"372","0","txt",29,19,"2378",NA,NA,54.844,"B",2022-07-19,"0"
"373","0","txt",29,19,"2378",NA,NA,31.96,"B",2022-07-19,"0"
"374","0","txt",29,19,"2378",NA,NA,45.9,"B",2022-07-19,"0"
"375","0","txt",13,30,"2379",NA,NA,37.61,"B",2022-03-30,"0"
"376","0","txt",13,30,"2379",NA,NA,16.703,"B",2022-03-30,"0"
"377","0","txt",13,30,"2379",NA,NA,14.553,"B",2022-03-30,"0"
"378","0","txt",17,25,"2379",NA,NA,36.646,"B",2022-04-25,"0"
"379","0","txt",17,25,"2379",NA,NA,20.24,"B",2022-04-25,"0"
"380","0","txt",17,25,"2379",NA,NA,12.413,"B",2022-04-25,"0"
"381","0","txt",21,23,"2379",NA,NA,27.785,"B",2022-05-23,"0"
"382","0","txt",21,23,"2379",NA,NA,13.452,"B",2022-05-23,"0"
"383","0","txt",21,23,"2379",NA,NA,25.476,"B",2022-05-23,"0"
"384","0","txt",29,19,"2379",NA,NA,21.36,"B",2022-07-19,"0"
"385","0","txt",29,19,"2379",NA,NA,25.317,"B",2022-07-19,"0"
"386","0","txt",13,30,"2381",NA,NA,26.047,"B",2022-03-30,"0"
"387","0","txt",13,30,"2381",NA,NA,35.216,"B",2022-03-30,"0"
"388","0","txt",13,30,"2381",NA,NA,32.737,"B",2022-03-30,"0"
"389","0","txt",17,25,"2381",NA,NA,35.415,"B",2022-04-25,"0"
"390","0","txt",17,25,"2381",NA,NA,24.753,"B",2022-04-25,"0"
"391","0","txt",17,25,"2381",NA,NA,40.584,"B",2022-04-25,"0"
"392","0","txt",21,23,"2381",NA,NA,28.123,"B",2022-05-23,"0"
"393","0","txt",21,23,"2381",NA,NA,23.54,"B",2022-05-23,"0"
"394","0","txt",21,23,"2381",NA,NA,28.013,"B",2022-05-23,"0"
"395","0","txt",29,19,"2381",NA,NA,39.307,"B",2022-07-19,"0"
"396","0","txt",29,19,"2381",NA,NA,28.596,"B",2022-07-19,"0"
"397","0","txt",29,19,"2381",NA,NA,39.25,"B",2022-07-19,"0"
"398","0","txt",13,30,"2382",NA,NA,15.674,"B",2022-03-30,"0"
"399","0","txt",13,30,"2382",NA,NA,15.674,"B",2022-03-30,"0"
"400","0","txt",13,30,"2382",NA,NA,15.674,"B",2022-03-30,"0"
"401","0","txt",17,25,"2382",NA,NA,29.556,"B",2022-04-25,"0"
"402","0","txt",17,25,"2382",NA,NA,22.876,"B",2022-04-25,"0"
"403","0","txt",17,25,"2382",NA,NA,21.728,"B",2022-04-25,"0"
"404","0","txt",21,23,"2382",NA,NA,27.992,"B",2022-05-23,"0"
"405","0","txt",21,23,"2382",NA,NA,33.14,"B",2022-05-23,"0"
"406","0","txt",21,23,"2382",NA,NA,26.557,"B",2022-05-23,"0"
"407","0","txt",29,19,"2382",NA,NA,15.223,"B",2022-07-19,"0"
"408","0","txt",29,19,"2382",NA,NA,25.444,"B",2022-07-19,"0"
"409","0","txt",29,19,"2382",NA,NA,28.225,"B",2022-07-19,"0"
"410","0","txt",13,30,"2383",NA,NA,15.674,"B",2022-03-30,"0"
"411","0","txt",13,30,"2383",NA,NA,19.558,"B",2022-03-30,"0"
"412","0","txt",13,30,"2383",NA,NA,25.313,"B",2022-03-30,"0"
"413","0","txt",17,25,"2383",NA,NA,18.965,"B",2022-04-25,"0"
"414","0","txt",17,25,"2383",NA,NA,38.203,"B",2022-04-25,"0"
"415","0","txt",17,25,"2383",NA,NA,14.247,"B",2022-04-25,"0"
"416","0","txt",29,19,"2383",NA,NA,16.633,"B",2022-07-19,"0"
"417","0","txt",29,19,"2383",NA,NA,12.912,"B",2022-07-19,"0"
"418","0","txt",29,19,"2383",NA,NA,16.768,"B",2022-07-19,"0"
"419","0","txt",13,30,"2384",NA,NA,14.965,"B",2022-03-30,"0"
"420","0","txt",13,30,"2384",NA,NA,21.135,"B",2022-03-30,"0"
"421","0","txt",13,30,"2384",NA,NA,14.969,"B",2022-03-30,"0"
"422","0","txt",17,25,"2384",NA,NA,21.954,"B",2022-04-25,"0"
"423","0","txt",17,25,"2384",NA,NA,14.359,"B",2022-04-25,"0"
"424","0","txt",17,25,"2384",NA,NA,14.678,"B",2022-04-25,"0"
"425","0","txt",21,23,"2384",NA,NA,13.484,"B",2022-05-23,"0"
"426","0","txt",21,23,"2384",NA,NA,17.158,"B",2022-05-23,"0"
"427","0","txt",21,23,"2384",NA,NA,12.395,"B",2022-05-23,"0"
"428","0","txt",29,19,"2384",NA,NA,13.361,"B",2022-07-19,"0"
"429","0","txt",29,19,"2384",NA,NA,18.545,"B",2022-07-19,"0"
"430","0","txt",29,19,"2384",NA,NA,10.761,"B",2022-07-19,"0"
"431","0","txt",37,12,"2009",NA,NA,8,"L",2022-09-12,"0"
"432","1","txt",17,27,"2022",NA,NA,23.764,"L",2022-04-27,"1"
"433","1","txt",17,27,"2022",NA,NA,19.033,"L",2022-04-27,"1"
"434","2","txt",17,27,"2022",NA,NA,13.832,"L",2022-04-27,"2"
"435","1","txt",17,27,"2022",NA,NA,22.724,"L",2022-04-27,"1"
"436","0","txt",14,4,"2022",NA,NA,71.815,"L",2022-04-04,"0"
"437","1","txt",14,4,"2022",NA,NA,17.903,"L",2022-04-04,"1"
"438","0","txt",14,4,"2022",NA,NA,3.844,"L",2022-04-04,"0"
"439","1","txt",14,4,"2022",NA,NA,21.965,"L",2022-04-04,"1"
"440","0","txt",14,4,"2022",NA,NA,6.967,"L",2022-04-04,"0"
"441","1","txt",14,4,"2022",NA,NA,22.581,"L",2022-04-04,"1"
"442","0","txt",21,23,"2022",NA,NA,68.102,"L",2022-05-23,"0"
"443","1","txt",21,23,"2022",NA,NA,14.101,"L",2022-05-23,"1"
"444","0","txt",21,23,"2022",NA,NA,84.353,"L",2022-05-23,"0"
"445","1","txt",21,23,"2022",NA,NA,15.468,"L",2022-05-23,"1"
"446","0","txt",21,23,"2022",NA,NA,58.656,"L",2022-05-23,"0"
"447","1","txt",21,23,"2022",NA,NA,9.33,"L",2022-05-23,"1"
"448","0","txt",29,19,"2022",NA,NA,81.923,"L",2022-07-19,"0"
"449","0","txt",29,19,"2022",NA,NA,62.288,"L",2022-07-19,"0"
"450","0","txt",29,19,"2022",NA,NA,59.94,"L",2022-07-19,"0"
"451","1","txt",29,19,"2022",NA,NA,4.407,"L",2022-07-19,"1"
"452","0","txt",17,27,"2023",NA,NA,78.814,"L",2022-04-27,"0"
"453","1","txt",17,27,"2023",NA,NA,43.343,"L",2022-04-27,"1"
"454","0","txt",17,27,"2023","a",NA,55.133,"L",2022-04-27,"0"
"455","0","txt",17,27,"2023","b",NA,29.313,"L",2022-04-27,"0"
"456","1","txt",17,27,"2023",NA,NA,17.306,"L",2022-04-27,"1"
"457","1","txt",17,27,"2023",NA,NA,20.983,"L",2022-04-27,"1"
"458","0","txt",14,4,"2023",NA,NA,61.665,"L",2022-04-04,"0"
"459","1","txt",14,4,"2023",NA,NA,87.636,"L",2022-04-04,"1"
"460","0","txt",14,4,"2023","a",NA,35.365,"L",2022-04-04,"0"
"461","0","txt",14,4,"2023","b",NA,41.762,"L",2022-04-04,"0"
"462","1","txt",14,4,"2023",NA,NA,21.961,"L",2022-04-04,"1"
"463","0","txt",14,4,"2023",NA,NA,55.6,"L",2022-04-04,"0"
"464","1","txt",14,4,"2023",NA,NA,26.698,"L",2022-04-04,"1"
"465","0","txt",21,23,"2023",NA,NA,76.194,"L",2022-05-23,"0"
"466","1","txt",21,23,"2023",NA,NA,8.671,"L",2022-05-23,"1"
"467","0","txt",21,23,"2023",NA,NA,42.995,"L",2022-05-23,"0"
"468","1","txt",21,23,"2023",NA,NA,20.945,"L",2022-05-23,"1"
"469","0","txt",21,23,"2023",NA,NA,19.259,"L",2022-05-23,"0"
"470","1","txt",21,23,"2023",NA,NA,18.983,"L",2022-05-23,"1"
"471","0","txt",29,19,"2023",NA,NA,56.603,"L",2022-07-19,"0"
"472","0","txt",29,19,"2023",NA,NA,36.1,"L",2022-07-19,"0"
"473","0","txt",29,19,"2023",NA,NA,31.304,"L",2022-07-19,"0"
"474","0","txt",17,27,"2029",NA,NA,70.999,"L",2022-04-27,"0"
"475","1","txt",17,27,"2029",NA,NA,20.237,"L",2022-04-27,"1"
"476","0","txt",17,27,"2029",NA,NA,64.724,"L",2022-04-27,"0"
"477","1","txt",17,27,"2029",NA,NA,20.539,"L",2022-04-27,"1"
"478","0","txt",17,27,"2029",NA,NA,49.589,"L",2022-04-27,"0"
"479","0","txt",21,23,"2029",NA,NA,51.606,"L",2022-05-23,"0"
"480","1","txt",21,23,"2029",NA,NA,10.166,"L",2022-05-23,"1"
"481","0","txt",21,23,"2029",NA,NA,36.163,"L",2022-05-23,"0"
"482","1","txt",21,23,"2029",NA,NA,21.118,"L",2022-05-23,"1"
"483","0","txt",21,23,"2029",NA,NA,27.358,"L",2022-05-23,"0"
"484","1","txt",21,23,"2029",NA,NA,12.67,"L",2022-05-23,"1"
"485","0","txt",29,19,"2029",NA,NA,29.286,"L",2022-07-19,"0"
"486","0","txt",29,19,"2029",NA,NA,33.815,"L",2022-07-19,"0"
"487","0","txt",29,19,"2029",NA,NA,40.127,"L",2022-07-19,"0"
"488","0","txt",17,27,"2030",NA,NA,38.54,"L",2022-04-27,"0"
"489","1","txt",17,27,"2030",NA,NA,9.849,"L",2022-04-27,"1"
"490","0","txt",17,27,"2030",NA,NA,45.454,"L",2022-04-27,"0"
"491","1","txt",17,27,"2030",NA,NA,27.946,"L",2022-04-27,"1"
"492","0","txt",17,27,"2030",NA,NA,31.825,"L",2022-04-27,"0"
"493","1","txt",17,27,"2030",NA,NA,22.598,"L",2022-04-27,"1"
"494","2","txt",17,27,"2030",NA,NA,34.198,"L",2022-04-27,"2"
"495","1","txt",14,4,"2030",NA,NA,41.089,"L",2022-04-04,"1"
"496","1","txt",14,4,"2030",NA,NA,7.144,"L",2022-04-04,"1"
"497","0","txt",21,23,"2030",NA,NA,46.283,"L",2022-05-23,"0"
"498","0","txt",21,23,"2030",NA,NA,25.369,"L",2022-05-23,"0"
"499","1","txt",21,23,"2030",NA,NA,21.937,"L",2022-05-23,"1"
"500","0","txt",29,19,"2030",NA,NA,32.885,"L",2022-07-19,"0"
"501","1","txt",29,19,"2030",NA,NA,26.182,"L",2022-07-19,"1"
"502","1","txt",29,19,"2030",NA,NA,35.775,"L",2022-07-19,"1"
"503","0","txt",29,19,"2030",NA,NA,39.551,"L",2022-07-19,"0"
"504","0","txt",17,27,"2089",NA,NA,67.609,"L",2022-04-27,"0"
"505","1","txt",17,27,"2089",NA,NA,32.214,"L",2022-04-27,"1"
"506","0","txt",17,27,"2089",NA,NA,13.906,"L",2022-04-27,"0"
"507","1","txt",17,27,"2089",NA,NA,34.375,"L",2022-04-27,"1"
"508","0","txt",17,27,"2089",NA,NA,64.882,"L",2022-04-27,"0"
"509","1","txt",17,27,"2089",NA,NA,38.175,"L",2022-04-27,"1"
"510","1","txt",14,4,"2089",NA,NA,56.113,"L",2022-04-04,"1"
"511","1","txt",14,4,"2089",NA,NA,30.045,"L",2022-04-04,"1"
"512","1","txt",14,4,"2089",NA,NA,65.629,"L",2022-04-04,"1"
"513","0","txt",29,19,"2089","a",NA,82.403,"L",2022-07-19,"0"
"514","0","txt",29,19,"2089","b",NA,17.496,"L",2022-07-19,"0"
"515","1","txt",29,19,"2089",NA,NA,51.883,"L",2022-07-19,"1"
"516","0","txt",29,19,"2089",NA,NA,38.285,"L",2022-07-19,"0"
"517","1","txt",29,19,"2089",NA,NA,23.865,"L",2022-07-19,"1"
"518","0","txt",29,19,"2089",NA,NA,23.612,"L",2022-07-19,"0"
"519","1","txt",29,19,"2089",NA,NA,32.381,"L",2022-07-19,"1"
"520","0","txt",17,27,"2091",NA,NA,35.273,"L",2022-04-27,"0"
"521","1","txt",17,27,"2091",NA,NA,9.483,"L",2022-04-27,"1"
"522","0","txt",17,27,"2091",NA,NA,32.952,"L",2022-04-27,"0"
"523","1","txt",17,27,"2091",NA,NA,52.827,"L",2022-04-27,"1"
"524","0","txt",17,27,"2091",NA,NA,20.93,"L",2022-04-27,"0"
"525","1","txt",17,27,"2091",NA,NA,18.312,"L",2022-04-27,"1"
"526","1","txt",14,4,"2091",NA,NA,40.541,"L",2022-04-04,"1"
"527","1","txt",14,4,"2091",NA,NA,32.143,"L",2022-04-04,"1"
"528","1","txt",14,4,"2091",NA,NA,43.171,"L",2022-04-04,"1"
"529","0","txt",29,19,"2091",NA,NA,38.168,"L",2022-07-19,"0"
"530","0","txt",29,19,"2091",NA,NA,31.543,"L",2022-07-19,"0"
"531","1","txt",29,19,"2091",NA,NA,29.356,"L",2022-07-19,"1"
"532","0","txt",29,19,"2091",NA,NA,30.813,"L",2022-07-19,"0"
"533","1","txt",29,19,"2091",NA,NA,29.626,"L",2022-07-19,"1"
"534","0","txt",17,27,"2092",NA,NA,6.596,"L",2022-04-27,"0"
"535","1","txt",17,27,"2092",NA,NA,25.24,"L",2022-04-27,"1"
"536","1","txt",17,27,"2092",NA,NA,15.64,"L",2022-04-27,"1"
"537","0","txt",17,27,"2092",NA,NA,17.356,"L",2022-04-27,"0"
"538","1","txt",17,27,"2092",NA,NA,11.158,"L",2022-04-27,"1"
"539","1","txt",14,4,"2092",NA,NA,12.452,"L",2022-04-04,"1"
"540","1","txt",14,4,"2092",NA,NA,46.959,"L",2022-04-04,"1"
"541","1","txt",14,4,"2092",NA,NA,26.85,"L",2022-04-04,"1"
"542","0","txt",29,19,"2092","a",NA,32.927,"L",2022-07-19,"0"
"543","0","txt",29,19,"2092","b",NA,25.562,"L",2022-07-19,"0"
"544","1","txt",29,19,"2092",NA,NA,49.147,"L",2022-07-19,"1"
"545","0","txt",29,19,"2092",NA,NA,12.285,"L",2022-07-19,"0"
"546","1","txt",29,19,"2092",NA,NA,35.31,"L",2022-07-19,"1"
"547","0","txt",29,19,"2092",NA,NA,21.029,"L",2022-07-19,"0"
"548","1","txt",29,19,"2092",NA,NA,74.741,"L",2022-07-19,"1"
"549","0","txt",17,27,"2093",NA,NA,21.734,"L",2022-04-27,"0"
"550","1","txt",17,27,"2093",NA,NA,47.303,"L",2022-04-27,"1"
"551","1","txt",17,27,"2093",NA,NA,25.76,"L",2022-04-27,"1"
"552","1","txt",17,27,"2093",NA,NA,8.279,"L",2022-04-27,"1"
"553","2","txt",17,27,"2093",NA,NA,50.251,"L",2022-04-27,"2"
"554","0","txt",14,4,"2093",NA,NA,7.352,"L",2022-04-04,"0"
"555","1","txt",14,4,"2093",NA,NA,74.716,"L",2022-04-04,"1"
"556","1","txt",14,4,"2093",NA,NA,39.352,"L",2022-04-04,"1"
"557","0","txt",14,4,"2093",NA,NA,6.136,"L",2022-04-04,"0"
"558","1","txt",14,4,"2093",NA,NA,43.493,"L",2022-04-04,"1"
"559","1","txt",13,30,"2301",NA,NA,111.756,"L",2022-03-30,"1"
"560","1","txt",13,30,"2301",NA,NA,43.371,"L",2022-03-30,"1"
"561","0","txt",13,30,"2301",NA,NA,7.155,"L",2022-03-30,"0"
"562","1","txt",13,30,"2301",NA,NA,19.536,"L",2022-03-30,"1"
"563","1","txt",17,25,"2301",NA,NA,79.797,"L",2022-04-25,"1"
"564","1","txt",17,25,"2301",NA,NA,79.211,"L",2022-04-25,"1"
"565","1","txt",17,25,"2301",NA,NA,66.467,"L",2022-04-25,"1"
"566","1","txt",21,23,"2301",NA,NA,85.454,"L",2022-05-23,"1"
"567","1","txt",21,23,"2301",NA,NA,88.278,"L",2022-05-23,"1"
"568","1","txt",21,23,"2301",NA,NA,70.021,"L",2022-05-23,"1"
"569","1","txt",13,30,"2331",NA,NA,48.717,"L",2022-03-30,"1"
"570","1","txt",13,30,"2331",NA,NA,40.311,"L",2022-03-30,"1"
"571","1","txt",13,30,"2331",NA,NA,35.225,"L",2022-03-30,"1"
"572","0","txt",17,25,"2331",NA,NA,10.457,"L",2022-04-25,"0"
"573","1","txt",17,25,"2331",NA,NA,56.943,"L",2022-04-25,"1"
"574","0","txt",17,25,"2331",NA,NA,8.493,"L",2022-04-25,"0"
"575","1","txt",17,25,"2331",NA,NA,17.301,"L",2022-04-25,"1"
"576","0","txt",17,25,"2331",NA,NA,5.561,"L",2022-04-25,"0"
"577","1","txt",17,25,"2331",NA,NA,36.262,"L",2022-04-25,"1"
"578","1","txt",21,23,"2331",NA,NA,11.827,"L",2022-05-23,"1"
"579","0","txt",21,23,"2331",NA,NA,10.185,"L",2022-05-23,"0"
"580","1","txt",21,23,"2331",NA,NA,30.156,"L",2022-05-23,"1"
"581","0","txt",21,23,"2331","a",NA,0.789,"L",2022-05-23,"0"
"582","0","txt",21,23,"2331","b",NA,0.809,"L",2022-05-23,"0"
"583","1","txt",21,23,"2331",NA,NA,33.231,"L",2022-05-23,"1"
"584","1","txt",29,19,"2331",NA,NA,66.259,"L",2022-07-19,"1"
"585","1","txt",29,19,"2331",NA,NA,31.194,"L",2022-07-19,"1"
"586","1","txt",29,19,"2331",NA,NA,34.93,"L",2022-07-19,"1"
"587","1","txt",13,30,"2345",NA,NA,51.089,"L",2022-03-30,"1"
"588","1","txt",13,30,"2345",NA,NA,73.656,"L",2022-03-30,"1"
"589","1","txt",13,30,"2345",NA,NA,71.16,"L",2022-03-30,"1"
"590","1","txt",17,25,"2345",NA,NA,52.817,"L",2022-04-25,"1"
"591","1","txt",17,25,"2345",NA,NA,36.636,"L",2022-04-25,"1"
"592","1","txt",17,25,"2345",NA,NA,36.159,"L",2022-04-25,"1"
"593","0","txt",21,23,"2345",NA,NA,46.752,"L",2022-05-23,"0"
"594","0","txt",21,23,"2345",NA,NA,64.603,"L",2022-05-23,"0"
"595","0","txt",21,23,"2345",NA,NA,46.614,"L",2022-05-23,"0"
"596","1","txt",29,19,"2345",NA,NA,28.64,"L",2022-07-19,"1"
"597","1","txt",29,19,"2345",NA,NA,39.268,"L",2022-07-19,"1"
"598","1","txt",29,19,"2345",NA,NA,34.648,"L",2022-07-19,"1"
"599","0","txt",13,30,"2352",NA,NA,19.715,"L",2022-03-30,"0"
"600","0","txt",13,30,"2352",NA,NA,11.68,"L",2022-03-30,"0"
"601","1","txt",13,30,"2352",NA,NA,26.921,"L",2022-03-30,"1"
"602","1","txt",13,30,"2352",NA,NA,35.537,"L",2022-03-30,"1"
"603","1","txt",17,25,"2352",NA,NA,36.832,"L",2022-04-25,"1"
"604","1","txt",17,25,"2352",NA,NA,3.9,"L",2022-04-25,"1"
"605","1","txt",17,25,"2352",NA,NA,19.43,"L",2022-04-25,"1"
"606","1","txt",21,23,"2352",NA,NA,45.4,"L",2022-05-23,"1"
"607","1","txt",21,23,"2352",NA,NA,51.204,"L",2022-05-23,"1"
"608","1","txt",21,23,"2352",NA,NA,57.762,"L",2022-05-23,"1"
"609","0","txt",29,19,"2352",NA,NA,27.004,"L",2022-07-19,"0"
"610","1","txt",29,19,"2352",NA,NA,4.451,"L",2022-07-19,"1"
"611","0","txt",29,19,"2352",NA,NA,12.767,"L",2022-07-19,"0"
"612","1","txt",29,19,"2352",NA,NA,15.256,"L",2022-07-19,"1"
"613","0","txt",29,19,"2352",NA,NA,9.276,"L",2022-07-19,"0"
"614","1","txt",29,19,"2352",NA,NA,15.088,"L",2022-07-19,"1"
"615","0","txt",29,19,"2352",NA,NA,9.905,"L",2022-07-19,"0"
"616","0","txt",29,19,"2352",NA,NA,7.584,"L",2022-07-19,"0"
"617","0","txt",29,19,"2352",NA,NA,10.351,"L",2022-07-19,"0"
"618","1","txt",13,30,"2354",NA,NA,69.378,"L",2022-03-30,"1"
"619","1","txt",13,30,"2354",NA,NA,71.866,"L",2022-03-30,"1"
"620","0","txt",13,30,"2354",NA,NA,7.25,"L",2022-03-30,"0"
"621","1","txt",13,30,"2354",NA,NA,96.421,"L",2022-03-30,"1"
"622","0","txt",17,25,"2354",NA,NA,31.795,"L",2022-04-25,"0"
"623","1","txt",17,25,"2354",NA,NA,12.629,"L",2022-04-25,"1"
"624","0","txt",17,25,"2354",NA,NA,34.469,"L",2022-04-25,"0"
"625","1","txt",17,25,"2354",NA,NA,9.772,"L",2022-04-25,"1"
"626","0","txt",17,25,"2354",NA,NA,36.296,"L",2022-04-25,"0"
"627","1","txt",17,25,"2354",NA,NA,9.419,"L",2022-04-25,"1"
"628","1","txt",21,23,"2354",NA,NA,97.439,"L",2022-05-23,"1"
"629","1","txt",21,23,"2354",NA,NA,52.138,"L",2022-05-23,"1"
"630","1","txt",21,23,"2354",NA,NA,90.826,"L",2022-05-23,"1"
"631","1","txt",29,19,"2354",NA,NA,54.184,"L",2022-07-19,"1"
"632","1","txt",29,19,"2354",NA,NA,29.954,"L",2022-07-19,"1"
"633","1","txt",29,19,"2354",NA,NA,44.634,"L",2022-07-19,"1"
"634","1","txt",13,30,"2376",NA,NA,126.302,"L",2022-03-30,"1"
"635","1","txt",13,30,"2376",NA,NA,61.926,"L",2022-03-30,"1"
"636","1","txt",13,30,"2376",NA,NA,64.683,"L",2022-03-30,"1"
"637","1","txt",17,25,"2376",NA,NA,43.763,"L",2022-04-25,"1"
"638","1","txt",17,25,"2376",NA,NA,64.41,"L",2022-04-25,"1"
"639","1","txt",17,25,"2376",NA,NA,69.201,"L",2022-04-25,"1"
"640","1","txt",29,19,"2376",NA,NA,38.433,"L",2022-07-19,"1"
"641","1","txt",29,19,"2376",NA,NA,30.048,"L",2022-07-19,"1"
"642","1","txt",29,19,"2376",NA,NA,28.976,"L",2022-07-19,"1"
"643","0","txt",13,30,"2377",NA,NA,56.487,"L",2022-03-30,"0"
"644","1","txt",13,30,"2377",NA,NA,36.581,"L",2022-03-30,"1"
"645","0","txt",13,30,"2377",NA,NA,68.703,"L",2022-03-30,"0"
"646","1","txt",13,30,"2377",NA,NA,35.658,"L",2022-03-30,"1"
"647","1","txt",13,30,"2377",NA,NA,62.759,"L",2022-03-30,"1"
"648","0","txt",17,25,"2377",NA,NA,20.167,"L",2022-04-25,"0"
"649","1","txt",17,25,"2377",NA,NA,2.644,"L",2022-04-25,"1"
"650","0","txt",17,25,"2377",NA,NA,15.999,"L",2022-04-25,"0"
"651","1","txt",17,25,"2377",NA,NA,7.443,"L",2022-04-25,"1"
"652","0","txt",17,25,"2377",NA,NA,35.616,"L",2022-04-25,"0"
"653","1","txt",17,25,"2377",NA,NA,11.132,"L",2022-04-25,"1"
"654","1","txt",21,23,"2377",NA,NA,18.43,"L",2022-05-23,"1"
"655","1","txt",21,23,"2377",NA,NA,23.932,"L",2022-05-23,"1"
"656","1","txt",21,23,"2377",NA,NA,9.269,"L",2022-05-23,"1"
"657","0","txt",13,30,"2380",NA,NA,11.283,"L",2022-03-30,"0"
"658","1","txt",13,30,"2380",NA,NA,13.987,"L",2022-03-30,"1"
"659","0","txt",13,30,"2380",NA,NA,41.387,"L",2022-03-30,"0"
"660","1","txt",13,30,"2380",NA,NA,43.65,"L",2022-03-30,"1"
"661","1","txt",13,30,"2380",NA,NA,19.808,"L",2022-03-30,"1"
"662","0","txt",17,25,"2380",NA,NA,10.97,"L",2022-04-25,"0"
"663","1","txt",17,25,"2380",NA,NA,54.74,"L",2022-04-25,"1"
"664","1","txt",17,25,"2380",NA,NA,46.475,"L",2022-04-25,"1"
"665","1","txt",17,25,"2380",NA,NA,47.048,"L",2022-04-25,"1"
"666","1","txt",21,23,"2380",NA,NA,44.576,"L",2022-05-23,"1"
"667","1","txt",21,23,"2380",NA,NA,54.553,"L",2022-05-23,"1"
"668","1","txt",21,23,"2380",NA,NA,40.643,"L",2022-05-23,"1"
"669","0","txt",29,19,"2380",NA,NA,24.716,"L",2022-07-19,"0"
"670","1","txt",29,19,"2380",NA,NA,16.13,"L",2022-07-19,"1"
"671","0","txt",29,19,"2380",NA,NA,43.34,"L",2022-07-19,"0"
"672","0","txt",29,19,"2380",NA,NA,20.819,"L",2022-07-19,"0"
"673","0","txt",29,19,"2393",NA,NA,25.216,"L",2022-07-19,"0"
"674","1","txt",29,19,"2393",NA,NA,53.78,"L",2022-07-19,"1"
"675","1","txt",29,19,"2393",NA,NA,58.694,"L",2022-07-19,"1"
"676","1","txt",29,19,"2393",NA,NA,83.246,"L",2022-07-19,"1"
"677","0","txt",37,12,"2011",NA,NA,13.668,"B",2022-09-12,"0"
"678","0","txt",40,5,"2040",NA,NA,3.768,"B",2022-10-05,"0"
"679","0","txt",40,5,"2040",NA,NA,15.525,"B",2022-10-05,"0"
"680","0","txt",40,5,"2040",NA,NA,3.14,"B",2022-10-05,"0"
"681","0","txt",40,5,"2041",NA,NA,6.293,"B",2022-10-05,"0"
"682","0","txt",40,5,"2041",NA,NA,15.384,"B",2022-10-05,"0"
"683","0","txt",40,5,"2041",NA,NA,5.314,"B",2022-10-05,"0"
"684","0","txt",40,5,"2042",NA,NA,13.407,"B",2022-10-05,"0"
"685","0","txt",40,5,"2042",NA,NA,22.908,"B",2022-10-05,"0"
"686","0","txt",40,5,"2042",NA,NA,9.481,"B",2022-10-05,"0"
"687","0","txt",40,5,"2043",NA,NA,24.663,"B",2022-10-05,"0"
"688","0","txt",40,5,"2043",NA,NA,10.296,"B",2022-10-05,"0"
"689","0","txt",40,5,"2043",NA,NA,21.522,"B",2022-10-05,"0"
"690","0","txt",40,5,"2044",NA,NA,9.205,"B",2022-10-05,"0"
"691","0","txt",40,5,"2044",NA,NA,9.846,"B",2022-10-05,"0"
"692","0","txt",40,5,"2044",NA,NA,11.323,"B",2022-10-05,"0"
"693","0","txt",40,5,"2045",NA,NA,24.118,"B",2022-10-05,"0"
"694","0","txt",40,5,"2045",NA,NA,8.234,"B",2022-10-05,"0"
"695","0","txt",40,5,"2045",NA,NA,13.449,"B",2022-10-05,"0"
"696","0","txt",40,5,"2046",NA,NA,15.863,"B",2022-10-05,"0"
"697","0","txt",40,5,"2046",NA,NA,29.059,"B",2022-10-05,"0"
"698","0","txt",40,5,"2046",NA,NA,31.472,"B",2022-10-05,"0"
"699","0","txt",40,5,"2047",NA,NA,15.804,"B",2022-10-05,"0"
"700","0","txt",40,5,"2047",NA,NA,6.227,"B",2022-10-05,"0"
"701","0","txt",40,5,"2047",NA,NA,7.864,"B",2022-10-05,"0"
"702","0","txt",40,5,"2048",NA,NA,7.056,"B",2022-10-05,"0"
"703","0","txt",40,5,"2048",NA,NA,5.563,"B",2022-10-05,"0"
"704","0","txt",40,5,"2048",NA,NA,10.301,"B",2022-10-05,"0"
"705","0","txt",40,5,"2049",NA,NA,28.675,"B",2022-10-05,"0"
"706","0","txt",40,5,"2049",NA,NA,21.883,"B",2022-10-05,"0"
"707","0","txt",40,5,"2049",NA,NA,5.722,"B",2022-10-05,"0"
"708","0","txt",40,5,"2050",NA,NA,19.157,"B",2022-10-05,"0"
"709","0","txt",40,5,"2050",NA,NA,24.859,"B",2022-10-05,"0"
"710","0","txt",40,5,"2050",NA,NA,40.298,"B",2022-10-05,"0"
"711","0","txt",40,5,"2051",NA,NA,17.163,"B",2022-10-05,"0"
"712","0","txt",40,5,"2051",NA,NA,22.544,"B",2022-10-05,"0"
"713","0","txt",40,5,"2051",NA,NA,40.914,"B",2022-10-05,"0"
"714","0","txt",40,5,"2052",NA,NA,18.15,"B",2022-10-05,"0"
"715","0","txt",40,5,"2052",NA,NA,24.104,"B",2022-10-05,"0"
"716","0","txt",40,5,"2052",NA,NA,26.549,"B",2022-10-05,"0"
"717","0","txt",37,12,"2343",NA,NA,14.461,"B",2022-09-12,"0"
"718","0","txt",37,12,"2343",NA,NA,21.371,"B",2022-09-12,"0"
"719","0","txt",37,12,"2343",NA,NA,23.314,"B",2022-09-12,"0"
"720","0","txt",37,12,"2345",NA,NA,29.041,"B",2022-09-12,"0"
"721","0","txt",37,12,"2346",NA,NA,26.284,"B",2022-09-12,"0"
"722","0","txt",37,12,"2346",NA,NA,18.072,"B",2022-09-12,"0"
"723","0","txt",37,12,"2346",NA,NA,19.517,"B",2022-09-12,"0"
"724","0","txt",37,12,"2347",NA,NA,15.486,"B",2022-09-12,"0"
"725","0","txt",37,12,"2370",NA,NA,6.814,"B",2022-09-12,"0"
"726","0","txt",37,12,"2370",NA,NA,11.738,"B",2022-09-12,"0"
"727","0","txt",37,12,"2370",NA,NA,5.651,"B",2022-09-12,"0"
"728","0","txt",37,12,"2372",NA,NA,12.443,"B",2022-09-12,"0"
"729","0","txt",37,12,"2375",NA,NA,11.759,"B",2022-09-12,"0"
"730","0","txt",37,12,"2378",NA,NA,45.138,"B",2022-09-12,"0"
"731","0","txt",37,12,"2009",NA,NA,30.664,"L",2022-09-12,"0"
"732","0","txt",37,12,"2345",NA,NA,5.702,"L",2022-09-12,"0"
"733","0","txt",37,12,"2345",NA,NA,37.995,"L",2022-09-12,"0"
"734","0","txt",37,12,"2352",NA,NA,12.657,"L",2022-09-12,"0"
"735","0","txt",37,12,"2352",NA,NA,3.436,"L",2022-09-12,"0"
"736","0","txt",37,12,"2365","FUNKYBAGLABLE",NA,43.177,"L",2022-09-12,"0"
"737","0","txt",37,12,"2369",NA,NA,18.165,"L",2022-09-12,"0"
"738","0","csv",37,12,"1478",NA,NA,18.128,"B",2022-09-12,"0"
"739","0","csv",37,12,"1478",NA,NA,32.528,"B",2022-09-12,"0"
"740","0","csv",37,12,"1478",NA,NA,43.333,"B",2022-09-12,"0"
"741","0","csv",37,12,"2004",NA,NA,13.311,"B",2022-09-12,"0"
"742","0","csv",37,12,"2004",NA,NA,23.251,"B",2022-09-12,"0"
"743","0","csv",37,12,"2004",NA,NA,23.236,"B",2022-09-12,"0"
"744","0","csv",37,12,"2005",NA,NA,25.994,"B",2022-09-12,"0"
"745","0","csv",37,12,"2005",NA,NA,34.285,"B",2022-09-12,"0"
"746","0","csv",37,12,"2005",NA,NA,52.334,"B",2022-09-12,"0"
"747","0","csv",37,12,"2006",NA,NA,13.628,"B",2022-09-12,"0"
"748","0","csv",37,12,"2006",NA,NA,5.978,"B",2022-09-12,"0"
"749","0","csv",37,12,"2006",NA,NA,5.568,"B",2022-09-12,"0"
"750","0","csv",37,12,"2007",NA,NA,6.725,"B",2022-09-12,"0"
"751","0","csv",37,12,"2007",NA,NA,15.278,"B",2022-09-12,"0"
"752","0","csv",37,12,"2007",NA,NA,9.234,"B",2022-09-12,"0"
"753","0","csv",37,12,"2010",NA,NA,18.253,"B",2022-09-12,"0"
"754","0","csv",37,12,"2010",NA,NA,32.619,"B",2022-09-12,"0"
"755","0","csv",37,12,"2010",NA,NA,11.86,"B",2022-09-12,"0"
"756","0","csv",37,12,"2011",NA,NA,25.013,"B",2022-09-12,"0"
"757","0","csv",37,12,"2011",NA,NA,31.633,"B",2022-09-12,"0"
"758","0","csv",37,12,"2012",NA,NA,4.153,"B",2022-09-12,"0"
"759","0","csv",37,12,"2012",NA,NA,16.17,"B",2022-09-12,"0"
"760","0","csv",37,12,"2012",NA,NA,10.73,"B",2022-09-12,"0"
"761","0","csv",37,12,"2013",NA,NA,23.469,"B",2022-09-12,"0"
"762","0","csv",37,12,"2013",NA,NA,19.706,"B",2022-09-12,"0"
"763","0","csv",37,12,"2013",NA,NA,16.88,"B",2022-09-12,"0"
"764","0","csv",37,12,"2015",NA,NA,11.961,"B",2022-09-12,"0"
"765","0","csv",37,12,"2015",NA,NA,21.266,"B",2022-09-12,"0"
"766","0","csv",37,12,"2015",NA,NA,14.822,"B",2022-09-12,"0"
"767","0","csv",37,12,"2020",NA,NA,11.444,"B",2022-09-12,"0"
"768","0","csv",37,12,"2022",NA,NA,33.93,"B",2022-09-12,"0"
"769","0","csv",37,12,"2024",NA,NA,30.745,"B",2022-09-12,"0"
"770","0","csv",37,12,"2025",NA,NA,16.851,"B",2022-09-12,"0"
"771","0","csv",37,12,"2025",NA,NA,6.981,"B",2022-09-12,"0"
"772","0","csv",37,12,"2025",NA,NA,7.312,"B",2022-09-12,"0"
"773","0","csv",37,12,"2026",NA,NA,15.829,"B",2022-09-12,"0"
"774","0","csv",37,12,"2026",NA,NA,6.778,"B",2022-09-12,"0"
"775","0","csv",37,12,"2027",NA,NA,8.833,"B",2022-09-12,"0"
"776","0","csv",37,12,"2027",NA,NA,16.647,"B",2022-09-12,"0"
"777","0","csv",37,12,"2027",NA,NA,9.583,"B",2022-09-12,"0"
"778","0","csv",37,12,"2028",NA,NA,37.344,"B",2022-09-12,"0"
"779","0","csv",37,12,"2028",NA,NA,17.167,"B",2022-09-12,"0"
"780","0","csv",37,12,"2028",NA,NA,9.318,"B",2022-09-12,"0"
"781","0","csv",37,12,"2028",NA,NA,23.729,"B",2022-09-12,"0"
"782","0","csv",37,12,"2031","1",NA,1.691,"B",2022-09-12,"0"
"783","0","csv",37,12,"2031",NA,NA,10.883,"B",2022-09-12,"0"
"784","0","csv",37,12,"2031",NA,NA,1.789,"B",2022-09-12,"0"
"785","0","csv",37,12,"2031",NA,NA,14.006,"B",2022-09-12,"0"
"786","0","csv",37,12,"2085",NA,NA,63.547,"B",2022-09-12,"0"
"787","0","csv",37,12,"2085",NA,NA,33.523,"B",2022-09-12,"0"
"788","0","csv",37,12,"2085",NA,NA,12.415,"B",2022-09-12,"0"
"789","0","csv",37,12,"2086",NA,NA,26.941,"B",2022-09-12,"0"
"790","0","csv",37,12,"2086",NA,NA,35.136,"B",2022-09-12,"0"
"791","0","csv",37,12,"2086",NA,NA,37.309,"B",2022-09-12,"0"
"792","0","csv",37,12,"2087",NA,NA,74.941,"B",2022-09-12,"0"
"793","0","csv",37,12,"2087",NA,NA,49.38,"B",2022-09-12,"0"
"794","0","csv",37,12,"2087",NA,NA,65.415,"B",2022-09-12,"0"
"795","0","csv",37,12,"2088",NA,NA,17.169,"B",2022-09-12,"0"
"796","0","csv",37,12,"2088",NA,NA,9.033,"B",2022-09-12,"0"
"797","0","csv",37,12,"2088",NA,NA,2.825,"B",2022-09-12,"0"
"798","0","csv",37,12,"2088",NA,NA,19.954,"B",2022-09-12,"0"
"799","0","csv",37,12,"2090",NA,NA,32.48,"B",2022-09-12,"0"
"800","0","csv",37,12,"2090",NA,NA,19.7,"B",2022-09-12,"0"
"801","0","csv",37,12,"2090",NA,NA,33.199,"B",2022-09-12,"0"
"802","0","csv",37,12,"2365",NA,NA,4.997,"B",2022-09-12,"0"
"803","0","csv",37,12,"2367","b",NA,12.468,"B",2022-09-12,"0"
"804","0","csv",37,12,"2367","c",NA,19.483,"B",2022-09-12,"0"
"805","1","csv",37,12,"2367","y0",NA,15.544,"B",2022-09-12,"1"
"806","0","csv",37,12,"2367",NA,NA,21.37,"B",2022-09-12,"0"
"807","0","csv",37,12,"2370",NA,NA,10.941,"B",2022-09-12,"0"
"808","0","csv",37,12,"2371",NA,NA,26.516,"B",2022-09-12,"0"
"809","0","csv",37,12,"2371",NA,NA,17.588,"B",2022-09-12,"0"
"810","0","csv",37,12,"2372",NA,NA,21.898,"B",2022-09-12,"0"
"811","0","csv",37,12,"2375",NA,NA,14.897,"B",2022-09-12,"0"
"812","0","csv",37,12,"2375",NA,NA,17.925,"B",2022-09-12,"0"
"813","0","csv",37,12,"2378","a",NA,18.105,"B",2022-09-12,"0"
"814","0","csv",37,12,"2378","b",NA,14.693,"B",2022-09-12,"0"
"815","0","csv",37,12,"2378","c",NA,16.652,"B",2022-09-12,"0"
"816","0","csv",37,12,"2378","d",NA,23.268,"B",2022-09-12,"0"
"817","0","csv",37,12,"2378",NA,NA,42.295,"B",2022-09-12,"0"
"818","0","csv",37,12,"2379",NA,NA,27.81,"B",2022-09-12,"0"
"819","0","csv",37,12,"2379",NA,NA,41.241,"B",2022-09-12,"0"
"820","0","csv",37,12,"2381",NA,NA,12.192,"B",2022-09-12,"0"
"821","0","csv",36,2,"2381",NA,NA,9.948,"B",2022-09-02,"0"
"822","0","csv",37,12,"2382",NA,NA,13.53,"B",2022-09-12,"0"
"823","0","csv",37,12,"2382",NA,NA,7.146,"B",2022-09-12,"0"
"824","0","csv",37,12,"2382","b",NA,8.802,"B",2022-09-12,"0"
"825","0","csv",37,12,"2382",NA,NA,26.585,"B",2022-09-12,"0"
"826","0","csv",37,12,"2383",NA,NA,17.95,"B",2022-09-12,"0"
"827","0","csv",37,12,"2383","b",NA,15.849,"B",2022-09-12,"0"
"828","0","csv",37,12,"2383","c",NA,19.219,"B",2022-09-12,"0"
"829","0","csv",37,12,"2384",NA,NA,24.591,"B",2022-09-12,"0"
"830","0","csv",37,12,"2384",NA,NA,12.742,"B",2022-09-12,"0"
"831","0","csv",37,12,"2384",NA,NA,8.174,"B",2022-09-12,"0"
"832","0","csv",37,12,"2020",NA,NA,0.82,"B",2022-09-12,"0"
"833","0","csv",37,12,"2347",NA,NA,2.153,"B",2022-09-12,"0"
"834","0","csv",37,12,"2347",NA,NA,2.015,"B",2022-09-12,"0"
"835","0","csv",37,12,"2365",NA,NA,0.396,"B",2022-09-12,"0"
"836","0","csv",37,12,"2365",NA,NA,0.644,"B",2022-09-12,"0"
"837","0","csv",37,12,"2369",NA,NA,2.267,"B",2022-09-12,"0"
"838","0","csv",37,12,"2371",NA,NA,2.989,"B",2022-09-12,"0"
"839","1","csv",37,12,"2022",NA,NA,6.246,"L",2022-09-12,"1"
"840","1","csv",37,12,"2023",NA,NA,2.83,"L",2022-09-12,"1"
"841","0","csv",37,12,"2029",NA,NA,51.561,"L",2022-09-12,"0"
"842","0","csv",37,12,"2029",NA,NA,68.519,"L",2022-09-12,"0"
"843","0","csv",37,12,"2029","1",NA,60.604,"L",2022-09-12,"0"
"844","0","csv",37,12,"2030",NA,NA,15.776,"L",2022-09-12,"0"
"845","0","csv",37,12,"2030",NA,NA,31.509,"L",2022-09-12,"0"
"846","0","csv",37,12,"2030",NA,NA,29.437,"L",2022-09-12,"0"
"847","0","csv",37,12,"2030",NA,NA,12.275,"L",2022-09-12,"0"
"848","0","csv",37,12,"2093",NA,NA,52.43,"L",2022-09-12,"0"
"849","1","csv",37,12,"2089",NA,NA,35.245,"L",2022-09-12,"1"
"850","0","csv",37,12,"2089",NA,NA,2.307,"L",2022-09-12,"0"
"851","1","csv",37,12,"2089",NA,NA,151.232,"L",2022-09-12,"1"
"852","1","csv",37,12,"2089",NA,NA,59.894,"L",2022-09-12,"1"
"853","0","csv",37,12,"2091",NA,NA,107.905,"L",2022-09-12,"0"
"854","1","csv",37,12,"2091",NA,NA,15.735,"L",2022-09-12,"1"
"855","0","csv",37,12,"2091",NA,NA,107.117,"L",2022-09-12,"0"
"856",NA,"csv",NA,NA,NA,NA,NA,19.349,"2354337",NA,NA
"857","1","csv",37,12,"2091",NA,NA,19.349,"L",2022-09-12,"1"
"858","0","csv",37,12,"2092","a",NA,14.869,"L",2022-09-12,"0"
"859","0","csv",37,12,"2092","c",NA,33.651,"L",2022-09-12,"0"
"860","0","csv",37,12,"2092","b",NA,15.727,"L",2022-09-12,"0"
"861","1","csv",37,12,"2092","b",NA,61.783,"L",2022-09-12,"1"
"862","1","csv",37,12,"2092","c",NA,41.218,"L",2022-09-12,"1"
"863","1","csv",37,12,"2093",NA,NA,24.462,"L",2022-09-12,"1"
"864","0","csv",37,12,"2093",NA,NA,40.755,"L",2022-09-12,"0"
"865","1","csv",37,12,"2093",NA,NA,135.575,"L",2022-09-12,"1"
"866","1","csv",37,12,"2023",NA,NA,70.807,"L",2022-09-12,"1"
"867","0","csv",37,12,"2093",NA,NA,64.001,"L",2022-09-12,"0"
"868","0","csv",37,12,"2301",NA,NA,29.66,"L",2022-09-12,"0"
"869","1","csv",37,12,"2301",NA,NA,54.761,"L",2022-09-12,"1"
"870","0","csv",37,12,"2301",NA,NA,110.046,"L",2022-09-12,"0"
"871","0","csv",37,12,"2331",NA,NA,19.909,"L",2022-09-12,"0"
"872","0","csv",37,12,"2331",NA,NA,9.189,"L",2022-09-12,"0"
"873","0","csv",37,12,"2331",NA,NA,12.177,"L",2022-09-12,"0"
"874","0","csv",37,12,"2352",NA,NA,9.131,"L",2022-09-12,"0"
"875","1","csv",37,12,"2354",NA,NA,16.782,"L",2022-09-12,"1"
"876","0","csv",37,12,"2354",NA,NA,13.467,"L",2022-09-12,"0"
"877","1","csv",37,12,"2360","1",NA,38.767,"L",2022-09-12,"1"
"878","1","csv",37,12,"2365",NA,NA,48.834,"L",2022-09-12,"1"
"879","1","csv",37,12,"2365",NA,NA,48.453,"L",2022-09-12,"1"
"880","0","csv",37,12,"2369",NA,NA,9.986,"L",2022-09-12,"0"
"881","1","csv",37,12,"2369",NA,NA,10.744,"L",2022-09-12,"1"
"882","0","csv",37,12,"2380",NA,NA,28.885,"L",2022-09-12,"0"
"883","0","csv",37,12,"2380",NA,NA,10.162,"L",2022-09-12,"0"
"884","","csv",37,12,"2009",NA,NA,25.006,"L",2022-09-12,""
"885","1","csv",37,12,"2009","1",NA,7.641,"L",2022-09-12,"1"
"886","0","csv",37,12,"2022",NA,NA,3.931,"L",2022-09-12,"0"
"887","1","csv",37,12,"2022",NA,NA,3.289,"L",2022-09-12,"1"
"888","1","csv",37,12,"2023",NA,NA,4.31,"L",2022-09-12,"1"
