"","tree","week","species","site","plot","time","date_wp","date_wc","date_lfm","date_rwc"
"1",1478,14,"blue oak","Cucu Mesa","Low","pd",2022-04-04,2022-04-04,"2022-04-04",NA
"2",1478,14,"blue oak","Cucu Mesa","Low","md",NA,NA,"2022-04-04",NA
"3",1478,15,"blue oak","Cucu Mesa","Low","md",2022-04-13,2022-04-13,NA,"2022-04-14"
"4",1478,17,"blue oak","Cucu Mesa","Low","md",2022-04-27,2022-04-27,"2022-04-27",NA
"5",1478,17,"blue oak","Cucu Mesa","Low","pd",2022-04-27,2022-04-27,NA,NA
"6",1478,19,"blue oak","Cucu Mesa","Low","md",2022-05-09,NA,NA,"2022-05-09"
"7",1478,21,"blue oak","Cucu Mesa","Low","md",2022-05-25,2022-05-23,"2022-05-25","2022-05-27"
"8",1478,21,"blue oak","Cucu Mesa","Low","pd",2022-05-25,2022-05-23,"2022-05-25","2022-05-27"
"9",1478,29,"blue oak","Cucu Mesa","Low","md",2022-07-19,2022-07-19,NA,NA
"10",1478,33,"blue oak","Cucu Mesa","Low","md",2022-08-18,NA,NA,NA
"11",2004,10,"blue oak","Cucu Mesa","High","md",2022-03-08,2022-03-08,"2022-03-11",NA
"12",2004,10,"blue oak","Cucu Mesa","High","pd",2022-03-08,2022-03-08,"2022-03-11",NA
"13",2004,14,"blue oak","Cucu Mesa","High","md",2022-04-04,2022-04-04,NA,NA
"14",2004,14,"blue oak","Cucu Mesa","High","pd",2022-04-04,2022-04-04,"2022-04-04",NA
"15",2004,15,"blue oak","Cucu Mesa","High","md",2022-04-13,2022-04-13,"2022-04-12","2022-04-14"
"16",2004,17,"blue oak","Cucu Mesa","High","md",2022-04-27,2022-04-27,"2022-04-27",NA
"17",2004,17,"blue oak","Cucu Mesa","High","pd",2022-04-27,2022-04-27,"2022-04-27",NA
"18",2004,21,"blue oak","Cucu Mesa","High","md",2022-05-25,2022-05-23,"2022-05-25","2022-05-27"
"19",2004,21,"blue oak","Cucu Mesa","High","pd",2022-05-25,2022-05-23,"2022-05-25","2022-05-27"
"20",2004,29,"blue oak","Cucu Mesa","High","pd",2022-07-19,2022-07-19,NA,NA
"21",2004,33,"blue oak","Cucu Mesa","High","pd",2022-08-18,NA,NA,NA
"22",2005,10,"blue oak","Cucu Mesa","High","md",2022-03-08,2022-03-08,NA,NA
"23",2005,10,"blue oak","Cucu Mesa","High","pd",2022-03-08,2022-03-08,"2022-03-11",NA
"24",2005,14,"blue oak","Cucu Mesa","High","md",2022-04-04,2022-04-04,"2022-04-04",NA
"25",2005,14,"blue oak","Cucu Mesa","High","pd",2022-04-04,2022-04-04,"2022-04-04",NA
"26",2005,15,"blue oak","Cucu Mesa","High","md",2022-04-13,2022-04-13,NA,"2022-04-14"
"27",2005,17,"blue oak","Cucu Mesa","High","md",2022-04-27,2022-04-27,"2022-04-27",NA
"28",2005,17,"blue oak","Cucu Mesa","High","pd",2022-04-27,2022-04-27,"2022-04-27",NA
"29",2005,19,"blue oak","Cucu Mesa","High","md",2022-05-09,NA,NA,"2022-05-09"
"30",2005,21,"blue oak","Cucu Mesa","High","md",2022-05-25,2022-05-23,"2022-05-25","2022-05-27"
"31",2005,21,"blue oak","Cucu Mesa","High","md",2022-05-25,2022-05-23,"2022-05-23","2022-05-27"
"32",2005,21,"blue oak","Cucu Mesa","High","pd",2022-05-25,2022-05-23,"2022-05-25","2022-05-27"
"33",2005,29,"blue oak","Cucu Mesa","High","md",2022-07-19,2022-07-19,NA,NA
"34",2005,33,"blue oak","Cucu Mesa","High","md",2022-08-18,NA,NA,NA
"35",2006,10,"blue oak","Cucu Mesa","High","md",2022-03-08,2022-03-08,"2022-03-11",NA
"36",2006,10,"blue oak","Cucu Mesa","High","pd",2022-03-08,2022-03-08,NA,NA
"37",2006,14,"blue oak","Cucu Mesa","High","md",2022-04-04,2022-04-04,NA,NA
"38",2006,14,"blue oak","Cucu Mesa","High","pd",2022-04-04,2022-04-04,"2022-04-04",NA
"39",2006,15,"blue oak","Cucu Mesa","High","md",2022-04-13,2022-04-13,"2022-04-12",NA
"40",2006,17,"blue oak","Cucu Mesa","High","md",2022-04-27,2022-04-27,"2022-04-27",NA
"41",2006,17,"blue oak","Cucu Mesa","High","pd",2022-04-27,2022-04-27,"2022-04-27",NA
"42",2006,19,"blue oak","Cucu Mesa","High","md",2022-05-09,NA,NA,"2022-05-09"
"43",2006,21,"blue oak","Cucu Mesa","High","md",2022-05-25,2022-05-23,"2022-05-25","2022-05-27"
"44",2006,21,"blue oak","Cucu Mesa","High","pd",2022-05-25,2022-05-23,"2022-05-25","2022-05-27"
"45",2006,29,"blue oak","Cucu Mesa","High","md",2022-07-19,2022-07-19,NA,NA
"46",2006,29,"blue oak","Cucu Mesa","High","pd",2022-07-19,2022-07-19,NA,NA
"47",2006,33,"blue oak","Cucu Mesa","High","md",2022-08-18,NA,NA,NA
"48",2006,33,"blue oak","Cucu Mesa","High","pd",2022-08-18,NA,NA,NA
"49",2007,10,"blue oak","Cucu Mesa","High","md",2022-03-08,2022-03-08,"2022-03-11",NA
"50",2007,10,"blue oak","Cucu Mesa","High","md",2022-03-08,2022-03-08,"2022-03-08",NA
"51",2007,10,"blue oak","Cucu Mesa","High","pd",2022-03-08,2022-03-08,"2022-03-11",NA
"52",2007,14,"blue oak","Cucu Mesa","High","md",2022-04-04,2022-04-04,"2022-04-04",NA
"53",2007,14,"blue oak","Cucu Mesa","High","pd",2022-04-04,2022-04-04,"2022-04-04",NA
"54",2007,15,"blue oak","Cucu Mesa","High","md",2022-04-13,2022-04-13,NA,"2022-04-14"
"55",2007,17,"blue oak","Cucu Mesa","High","md",2022-04-27,2022-04-27,"2022-04-27",NA
"56",2007,17,"blue oak","Cucu Mesa","High","pd",2022-04-27,2022-04-27,"2022-04-27",NA
"57",2007,19,"blue oak","Cucu Mesa","High","md",2022-05-09,NA,NA,"2022-05-09"
"58",2007,21,"blue oak","Cucu Mesa","High","md",2022-05-25,2022-05-23,"2022-05-25","2022-05-27"
"59",2007,21,"blue oak","Cucu Mesa","High","pd",2022-05-25,2022-05-23,"2022-05-25","2022-05-27"
"60",2007,29,"blue oak","Cucu Mesa","High","md",2022-07-19,2022-07-19,NA,NA
"61",2007,29,"blue oak","Cucu Mesa","High","pd",2022-07-19,2022-07-19,NA,NA
"62",2007,33,"blue oak","Cucu Mesa","High","md",2022-08-18,NA,NA,NA
"63",2007,33,"blue oak","Cucu Mesa","High","pd",2022-08-18,NA,NA,NA
"64",2008,14,"blue oak","Cucu Mesa","High","md",2022-04-04,2022-04-04,"2022-04-04",NA
"65",2008,14,"blue oak","Cucu Mesa","High","pd",2022-04-04,2022-04-04,"2022-04-04",NA
"66",2008,21,"blue oak","Cucu Mesa","High","md",2022-05-25,2022-05-23,"2022-05-25","2022-05-27"
"67",2008,21,"blue oak","Cucu Mesa","High","pd",2022-05-25,2022-05-23,"2022-05-25","2022-05-27"
"68",2009,12,"blue oak","LL","Hobbiton","md",2022-03-23,2022-03-25,NA,NA
"69",2009,12,"blue oak","LL","Hobbiton","md",2022-03-25,2022-03-25,NA,NA
"70",2009,12,"blue oak","LL","Hobbiton","pd",2022-03-23,2022-03-25,NA,NA
"71",2009,12,"blue oak","LL","Hobbiton","pd",2022-03-25,2022-03-25,NA,NA
"72",2009,13,"blue oak","LL","Hobbiton","pd",2022-03-30,2022-03-30,"2022-03-30",NA
"73",2009,14,"blue oak","LL","Hobbiton","md",2022-04-06,2022-04-06,NA,NA
"74",2009,14,"blue oak","LL","Hobbiton","pd",NA,NA,"2022-04-04",NA
"75",2009,15,"blue oak","LL","Hobbiton","md",2022-04-13,2022-04-13,NA,"2022-04-14"
"76",2009,15,"blue oak","LL","Hobbiton","md",2022-04-13,2022-04-13,NA,"2022-04-12"
"77",2009,15,"blue oak","LL","Hobbiton","pd",2022-04-11,2022-04-11,NA,"2022-04-14"
"78",2009,15,"blue oak","LL","Hobbiton","pd",2022-04-11,2022-04-11,NA,"2022-04-12"
"79",2009,17,"blue oak","LL","Hobbiton","md",2022-04-25,2022-04-25,"2022-04-25",NA
"80",2009,17,"blue oak","LL","Hobbiton","pd",2022-04-25,2022-04-25,"2022-04-25",NA
"81",2009,18,"blue oak","LL","Hobbiton","md",2022-05-04,2022-05-04,NA,"2022-05-03"
"82",2009,19,"blue oak","LL","Hobbiton","md",2022-05-09,2022-05-09,NA,NA
"83",2009,19,"blue oak","LL","Hobbiton","pd",2022-05-09,NA,NA,NA
"84",2009,21,"blue oak","LL","Hobbiton","md",2022-05-23,2022-05-23,"2022-05-23","2022-05-25"
"85",2009,21,"blue oak","LL","Hobbiton","pd",2022-05-23,2022-05-23,"2022-05-23","2022-05-25"
"86",2009,29,"blue oak","LL","Hobbiton","md",2022-07-19,2022-07-19,NA,NA
"87",2009,33,"blue oak","LL","Hobbiton","md",2022-08-18,2022-08-18,NA,NA
"88",2009,33,"blue oak","LL","Hobbiton","pd",NA,2022-08-18,NA,NA
"89",2010,12,"blue oak","LL","Weathertop","md",2022-03-25,2022-03-25,NA,NA
"90",2010,12,"blue oak","LL","Weathertop","md",2022-03-23,2022-03-25,NA,NA
"91",2010,12,"blue oak","LL","Weathertop","pd",2022-03-23,2022-03-25,NA,NA
"92",2010,12,"blue oak","LL","Weathertop","pd",2022-03-25,2022-03-25,NA,NA
"93",2010,13,"blue oak","LL","Weathertop","pd",2022-03-30,2022-03-30,"2022-03-30",NA
"94",2010,15,"blue oak","LL","Weathertop","md",2022-04-13,2022-04-13,NA,"2022-04-14"
"95",2010,15,"blue oak","LL","Weathertop","pd",2022-04-11,2022-04-11,NA,"2022-04-14"
"96",2010,17,"blue oak","LL","Weathertop","md",2022-04-25,2022-04-25,"2022-04-25",NA
"97",2010,17,"blue oak","LL","Weathertop","pd",2022-04-25,2022-04-25,"2022-04-25",NA
"98",2010,18,"blue oak","LL","Weathertop","md",2022-05-04,2022-05-04,NA,"2022-05-03"
"99",2010,19,"blue oak","LL","Weathertop","md",2022-05-09,2022-05-09,NA,NA
"100",2010,19,"blue oak","LL","Weathertop","pd",2022-05-09,NA,NA,NA
"101",2010,21,"blue oak","LL","Weathertop","md",2022-05-23,2022-05-23,"2022-05-23","2022-05-25"
"102",2010,21,"blue oak","LL","Weathertop","pd",2022-05-23,2022-05-23,NA,"2022-05-25"
"103",2010,29,"blue oak","LL","Weathertop","md",2022-07-19,2022-07-19,NA,NA
"104",2010,29,"blue oak","LL","Weathertop","pd",2022-07-19,2022-07-19,NA,NA
"105",2010,33,"blue oak","LL","Weathertop","md",2022-08-18,2022-08-18,NA,NA
"106",2010,33,"blue oak","LL","Weathertop","pd",2022-08-18,2022-08-18,NA,NA
"107",2011,14,"blue oak","LL","Weathertop","md",2022-04-06,2022-04-06,NA,NA
"108",2011,14,"blue oak","LL","Weathertop","pd",2022-04-04,2022-04-04,"2022-04-04",NA
"109",2011,15,"blue oak","LL","Weathertop","md",2022-04-13,2022-04-13,NA,"2022-04-14"
"110",2011,15,"blue oak","LL","Weathertop","pd",2022-04-11,2022-04-11,NA,"2022-04-14"
"111",2011,17,"blue oak","LL","Weathertop","md",2022-04-25,2022-04-25,"2022-04-25",NA
"112",2011,17,"blue oak","LL","Weathertop","pd",2022-04-25,2022-04-25,"2022-04-25",NA
"113",2011,18,"blue oak","LL","Weathertop","md",2022-05-04,2022-05-04,NA,"2022-05-04"
"114",2011,19,"blue oak","LL","Weathertop","md",2022-05-09,2022-05-09,NA,NA
"115",2011,19,"blue oak","LL","Weathertop","pd",2022-05-09,NA,NA,NA
"116",2011,21,"blue oak","LL","Weathertop","md",2022-05-25,2022-05-23,"2022-05-23","2022-05-25"
"117",2011,21,"blue oak","LL","Weathertop","pd",2022-05-23,2022-05-23,NA,"2022-05-25"
"118",2011,29,"blue oak","LL","Weathertop","md",2022-07-19,2022-07-19,NA,NA
"119",2011,29,"blue oak","LL","Weathertop","pd",2022-07-19,2022-07-19,NA,NA
"120",2011,33,"blue oak","LL","Weathertop","md",2022-08-18,2022-08-18,NA,NA
"121",2011,33,"blue oak","LL","Weathertop","pd",2022-08-18,2022-08-18,NA,NA
"122",2012,14,"blue oak","Cucu Mesa","Low","pd",2022-04-04,2022-04-04,"2022-04-04",NA
"123",2012,14,"blue oak","Cucu Mesa","Low","md",NA,NA,"2022-04-04",NA
"124",2012,15,"blue oak","Cucu Mesa","Low","md",2022-04-13,2022-04-13,NA,"2022-04-14"
"125",2012,17,"blue oak","Cucu Mesa","Low","md",2022-04-27,2022-04-27,"2022-04-27",NA
"126",2012,17,"blue oak","Cucu Mesa","Low","pd",2022-04-27,2022-04-27,"2022-04-27",NA
"127",2012,19,"blue oak","Cucu Mesa","Low","md",2022-05-09,NA,NA,"2022-05-09"
"128",2012,21,"blue oak","Cucu Mesa","Low","md",2022-05-25,2022-05-23,"2022-05-25","2022-05-27"
"129",2012,21,"blue oak","Cucu Mesa","Low","pd",2022-05-25,2022-05-23,"2022-05-25","2022-05-27"
"130",2012,29,"blue oak","Cucu Mesa","Low","md",2022-07-19,2022-07-19,NA,NA
"131",2012,29,"blue oak","Cucu Mesa","Low","pd",2022-07-19,2022-07-19,NA,NA
"132",2012,33,"blue oak","Cucu Mesa","Low","md",2022-08-18,NA,NA,NA
"133",2012,33,"blue oak","Cucu Mesa","Low","pd",2022-08-18,NA,NA,NA
"134",2013,14,"blue oak","Cucu Mesa","Low","md",2022-04-04,2022-04-04,"2022-04-04",NA
"135",2013,14,"blue oak","Cucu Mesa","Low","pd",2022-04-04,2022-04-04,"2022-04-04",NA
"136",2013,15,"blue oak","Cucu Mesa","Low","md",2022-04-13,2022-04-13,NA,"2022-04-14"
"137",2013,17,"blue oak","Cucu Mesa","Low","md",2022-04-27,2022-04-27,"2022-04-27",NA
"138",2013,17,"blue oak","Cucu Mesa","Low","pd",2022-04-27,2022-04-27,"2022-04-27",NA
"139",2013,19,"blue oak","Cucu Mesa","Low","md",2022-05-09,NA,NA,"2022-05-09"
"140",2013,21,"blue oak","Cucu Mesa","Low","pd",2022-05-25,2022-05-23,"2022-05-25","2022-05-27"
"141",2013,29,"blue oak","Cucu Mesa","Low","md",2022-07-19,2022-07-19,NA,NA
"142",2013,33,"blue oak","Cucu Mesa","Low","md",2022-08-18,NA,NA,NA
"143",2014,14,"blue oak","Cucu Mesa","Low","md",2022-04-04,2022-04-04,"2022-04-04",NA
"144",2014,14,"blue oak","Cucu Mesa","Low","pd",2022-04-04,2022-04-04,"2022-04-04",NA
"145",2014,21,"blue oak","Cucu Mesa","Low","md",NA,NA,"2022-05-23",NA
"146",2015,14,"blue oak","Cucu Mesa","Low","pd",2022-04-04,2022-04-04,"2022-04-04",NA
"147",2015,15,"blue oak","Cucu Mesa","Low","md",2022-04-13,2022-04-13,NA,NA
"148",2015,14,"blue oak","Cucu Mesa","Low","md",NA,NA,"2022-04-04",NA
"149",2015,17,"blue oak","Cucu Mesa","Low","md",2022-04-27,2022-04-27,"2022-04-27",NA
"150",2015,17,"blue oak","Cucu Mesa","Low","pd",2022-04-27,2022-04-27,"2022-04-27",NA
"151",2015,19,"blue oak","Cucu Mesa","Low","md",2022-05-09,NA,NA,"2022-05-09"
"152",2015,21,"blue oak","Cucu Mesa","Low","md",2022-05-25,2022-05-23,"2022-05-25","2022-05-27"
"153",2015,21,"blue oak","Cucu Mesa","Low","pd",2022-05-25,2022-05-23,"2022-05-25","2022-05-27"
"154",2015,29,"blue oak","Cucu Mesa","Low","md",2022-07-19,2022-07-19,NA,NA
"155",2015,29,"blue oak","Cucu Mesa","Low","pd",2022-07-19,2022-07-19,NA,NA
"156",2015,33,"blue oak","Cucu Mesa","Low","md",2022-08-18,NA,NA,NA
"157",2015,33,"blue oak","Cucu Mesa","Low","pd",2022-08-18,NA,NA,NA
"158",2020,10,"blue oak","Chamise","Chamise","md",2022-03-08,2022-03-08,"2022-03-11",NA
"159",2020,11,"blue oak","Chamise","Chamise","pd",2022-03-15,2022-03-15,"2022-03-15","2022-03-15"
"160",2020,14,"blue oak","Chamise","Chamise","md",2022-04-04,2022-04-04,"2022-04-04",NA
"161",2020,14,"blue oak","Chamise","Chamise","pd",2022-04-04,2022-04-04,"2022-04-04",NA
"162",2020,15,"blue oak","Chamise","Chamise","md",2022-04-13,2022-04-13,NA,"2022-04-14"
"163",2020,17,"blue oak","Chamise","Chamise","md",2022-04-27,2022-04-27,"2022-04-27",NA
"164",2020,17,"blue oak","Chamise","Chamise","pd",2022-04-27,2022-04-27,NA,NA
"165",2020,19,"blue oak","Chamise","Chamise","md",2022-05-09,NA,NA,"2022-05-09"
"166",2020,19,"blue oak","Chamise","Chamise","pd",2022-05-09,NA,NA,"2022-05-09"
"167",2020,21,"blue oak","Chamise","Chamise","md",2022-05-23,2022-05-23,"2022-05-23","2022-05-25"
"168",2020,21,"blue oak","Chamise","Chamise","pd",2022-05-25,2022-05-23,"2022-05-25","2022-05-25"
"169",2020,29,"blue oak","Chamise","Chamise","md",2022-07-19,2022-07-19,NA,NA
"170",2020,29,"blue oak","Chamise","Chamise","pd",2022-07-19,2022-07-19,NA,NA
"171",2020,33,"blue oak","Chamise","Chamise","md",2022-08-18,NA,NA,NA
"172",2020,33,"blue oak","Chamise","Chamise","pd",2022-08-18,NA,NA,NA
"173",2021,10,"blue oak","Chamise","Chamise","md",2022-03-08,2022-03-08,"2022-03-11",NA
"174",2021,11,"blue oak","Chamise","Chamise","pd",2022-03-15,2022-03-15,"2022-03-15","2022-03-15"
"175",2021,14,"blue oak","Chamise","Chamise","md",2022-04-04,2022-04-04,"2022-04-04",NA
"176",2021,14,"blue oak","Chamise","Chamise","pd",2022-04-04,2022-04-04,"2022-04-04",NA
"177",2021,15,"blue oak","Chamise","Chamise","md",2022-04-13,2022-04-13,NA,"2022-04-14"
"178",2021,17,"blue oak","Chamise","Chamise","md",2022-04-27,2022-04-27,"2022-04-27",NA
"179",2021,17,"blue oak","Chamise","Chamise","pd",2022-04-27,2022-04-27,"2022-04-27",NA
"180",2021,19,"blue oak","Chamise","Chamise","md",2022-05-09,NA,NA,"2022-05-09"
"181",2021,19,"blue oak","Chamise","Chamise","pd",2022-05-09,NA,NA,"2022-05-09"
"182",2021,21,"blue oak","Chamise","Chamise","md",2022-05-23,2022-05-23,"2022-05-23","2022-05-23"
"183",2021,21,"blue oak","Chamise","Chamise","md",2022-05-23,2022-05-23,"2022-05-23","2022-05-25"
"184",2021,21,"blue oak","Chamise","Chamise","pd",2022-05-25,2022-05-23,"2022-05-25","2022-05-23"
"185",2021,21,"blue oak","Chamise","Chamise","pd",2022-05-25,2022-05-23,"2022-05-25","2022-05-25"
"186",2021,29,"blue oak","Chamise","Chamise","md",2022-07-19,2022-07-19,NA,NA
"187",2021,29,"blue oak","Chamise","Chamise","pd",2022-07-19,2022-07-19,NA,NA
"188",2021,33,"blue oak","Chamise","Chamise","md",2022-08-18,NA,NA,NA
"189",2021,33,"blue oak","Chamise","Chamise","pd",2022-08-18,NA,NA,NA
"190",2022,10,"live oak","Chamise","Chamise","md",2022-03-08,2022-03-08,NA,NA
"191",2022,11,"live oak","Chamise","Chamise","pd",2022-03-15,2022-03-15,"2022-03-15",NA
"192",2022,14,"live oak","Chamise","Chamise","md",NA,NA,"2022-04-04",NA
"193",2022,14,"live oak","Chamise","Chamise","pd",2022-04-04,2022-04-04,"2022-04-04",NA
"194",2022,17,"live oak","Chamise","Chamise","md",2022-04-27,2022-04-27,"2022-04-27",NA
"195",2022,17,"live oak","Chamise","Chamise","pd",2022-04-27,2022-04-27,"2022-04-27",NA
"196",2022,19,"live oak","Chamise","Chamise","md",2022-05-09,NA,NA,"2022-05-09"
"197",2022,19,"live oak","Chamise","Chamise","pd",2022-05-09,NA,NA,"2022-05-09"
"198",2022,21,"live oak","Chamise","Chamise","md",2022-05-23,2022-05-23,"2022-05-23","2022-05-23"
"199",2022,21,"live oak","Chamise","Chamise","pd",2022-05-25,2022-05-23,"2022-05-25","2022-05-23"
"200",2022,29,"live oak","Chamise","Chamise","md",2022-07-19,2022-07-19,NA,NA
"201",2022,29,"live oak","Chamise","Chamise","pd",2022-07-19,2022-07-19,NA,NA
"202",2022,33,"live oak","Chamise","Chamise","md",2022-08-18,NA,NA,NA
"203",2022,33,"live oak","Chamise","Chamise","pd",2022-08-18,NA,NA,NA
"204",2023,10,"live oak","Chamise","Chamise","md",2022-03-08,2022-03-08,"2022-03-11",NA
"205",2023,11,"live oak","Chamise","Chamise","pd",2022-03-15,2022-03-15,"2022-03-15",NA
"206",2023,14,"live oak","Chamise","Chamise","pd",2022-04-04,2022-04-04,"2022-04-04",NA
"207",2023,17,"live oak","Chamise","Chamise","md",2022-04-27,2022-04-27,"2022-04-27",NA
"208",2023,17,"live oak","Chamise","Chamise","pd",2022-04-27,2022-04-27,"2022-04-27",NA
"209",2023,19,"live oak","Chamise","Chamise","md",2022-05-09,NA,NA,"2022-05-09"
"210",2023,19,"live oak","Chamise","Chamise","pd",2022-05-09,NA,NA,"2022-05-09"
"211",2023,21,"live oak","Chamise","Chamise","md",2022-05-23,2022-05-23,"2022-05-25","2022-05-25"
"212",2023,21,"live oak","Chamise","Chamise","pd",2022-05-25,2022-05-23,"2022-05-25","2022-05-25"
"213",2023,29,"live oak","Chamise","Chamise","md",2022-07-19,2022-07-19,NA,NA
"214",2023,29,"live oak","Chamise","Chamise","pd",2022-07-19,2022-07-19,NA,NA
"215",2023,33,"live oak","Chamise","Chamise","md",2022-08-18,NA,NA,NA
"216",2023,33,"live oak","Chamise","Chamise","pd",2022-08-18,NA,NA,NA
"217",2024,11,"blue oak","Chamise","Chamise","pd",2022-03-15,2022-03-15,"2022-03-15","2022-03-15"
"218",2024,10,"blue oak","Chamise","Chamise","md",2022-03-08,2022-03-08,"2022-03-11",NA
"219",2024,14,"blue oak","Chamise","Chamise","md",2022-04-04,2022-04-04,"2022-04-04",NA
"220",2024,14,"blue oak","Chamise","Chamise","pd",2022-04-04,2022-04-04,"2022-04-04",NA
"221",2024,15,"blue oak","Chamise","Chamise","md",2022-04-13,2022-04-13,NA,NA
"222",2024,17,"blue oak","Chamise","Chamise","md",2022-04-27,2022-04-27,"2022-04-27",NA
"223",2024,17,"blue oak","Chamise","Chamise","pd",2022-04-27,2022-04-27,"2022-04-27",NA
"224",2024,19,"blue oak","Chamise","Chamise","md",2022-05-09,NA,NA,"2022-05-09"
"225",2024,19,"blue oak","Chamise","Chamise","pd",2022-05-09,NA,NA,"2022-05-09"
"226",2024,21,"blue oak","Chamise","Chamise","md",2022-05-23,2022-05-23,"2022-05-23","2022-05-25"
"227",2024,21,"blue oak","Chamise","Chamise","pd",2022-05-25,2022-05-23,"2022-05-25","2022-05-25"
"228",2024,29,"blue oak","Chamise","Chamise","md",2022-07-19,2022-07-19,NA,NA
"229",2024,29,"blue oak","Chamise","Chamise","pd",2022-07-19,2022-07-19,NA,NA
"230",2024,33,"blue oak","Chamise","Chamise","md",2022-08-18,NA,NA,NA
"231",2024,33,"blue oak","Chamise","Chamise","pd",2022-08-18,NA,NA,NA
"232",2025,10,"blue oak","Chamise","Chamise","md",2022-03-08,2022-03-08,"2022-03-11",NA
"233",2025,11,"blue oak","Chamise","Chamise","pd",2022-03-15,2022-03-15,"2022-03-15","2022-03-15"
"234",2025,14,"blue oak","Chamise","Chamise","pd",2022-04-04,2022-04-04,"2022-04-04",NA
"235",2025,15,"blue oak","Chamise","Chamise","md",2022-04-13,2022-04-13,NA,"2022-04-14"
"236",2025,17,"blue oak","Chamise","Chamise","md",2022-04-27,2022-04-27,"2022-04-27",NA
"237",2025,17,"blue oak","Chamise","Chamise","pd",2022-04-27,2022-04-27,"2022-04-27",NA
"238",2025,19,"blue oak","Chamise","Chamise","md",2022-05-09,NA,NA,"2022-05-09"
"239",2025,19,"blue oak","Chamise","Chamise","pd",2022-05-09,NA,NA,"2022-05-09"
"240",2025,21,"blue oak","Chamise","Chamise","md",2022-05-23,2022-05-23,"2022-05-23","2022-05-25"
"241",2025,21,"blue oak","Chamise","Chamise","pd",2022-05-25,2022-05-23,"2022-05-25","2022-05-25"
"242",2025,14,"blue oak","Chamise","Chamise","md",NA,NA,"2022-04-04",NA
"243",2025,29,"blue oak","Chamise","Chamise","md",2022-07-19,2022-07-19,NA,NA
"244",2025,29,"blue oak","Chamise","Chamise","pd",2022-07-19,2022-07-19,NA,NA
"245",2025,33,"blue oak","Chamise","Chamise","md",2022-08-18,NA,NA,NA
"246",2025,33,"blue oak","Chamise","Chamise","pd",2022-08-18,NA,NA,NA
"247",2026,10,"blue oak","Chamise","Shedd","md",2022-03-08,2022-03-08,NA,NA
"248",2026,11,"blue oak","Chamise","Shedd","pd",2022-03-15,2022-03-15,NA,NA
"249",2026,14,"blue oak","Chamise","Shedd","md",2022-04-04,2022-04-04,"2022-04-04",NA
"250",2026,14,"blue oak","Chamise","Shedd","pd",2022-04-04,2022-04-04,"2022-04-04",NA
"251",2026,15,"blue oak","Chamise","Shedd","md",2022-04-13,2022-04-13,NA,"2022-04-14"
"252",2026,17,"blue oak","Chamise","Shedd","md",2022-04-27,2022-04-27,"2022-04-27",NA
"253",2026,17,"blue oak","Chamise","Shedd","pd",2022-04-27,2022-04-27,"2022-04-27",NA
"254",2026,19,"blue oak","Chamise","Shedd","md",2022-05-09,NA,NA,"2022-05-09"
"255",2026,21,"blue oak","Chamise","Shedd","md",2022-05-23,2022-05-23,"2022-05-25","2022-05-23"
"256",2026,21,"blue oak","Chamise","Shedd","pd",2022-05-25,2022-05-23,"2022-05-25","2022-05-23"
"257",2026,29,"blue oak","Chamise","Shedd","md",2022-07-19,2022-07-19,NA,NA
"258",2026,29,"blue oak","Chamise","Shedd","pd",2022-07-19,2022-07-19,NA,NA
"259",2026,33,"blue oak","Chamise","Shedd","md",2022-08-18,NA,NA,NA
"260",2026,33,"blue oak","Chamise","Shedd","pd",2022-08-18,NA,NA,NA
"261",2027,11,"blue oak","Chamise","Shedd","pd",2022-03-15,2022-03-15,"2022-03-15","2022-03-15"
"262",2027,10,"blue oak","Chamise","Shedd","md",NA,NA,"2022-03-11",NA
"263",2027,14,"blue oak","Chamise","Shedd","pd",2022-04-04,2022-04-04,"2022-04-04",NA
"264",2027,15,"blue oak","Chamise","Shedd","md",2022-04-13,2022-04-13,NA,"2022-04-14"
"265",2027,17,"blue oak","Chamise","Shedd","md",2022-04-27,2022-04-27,"2022-04-27",NA
"266",2027,17,"blue oak","Chamise","Shedd","pd",2022-04-27,2022-04-27,"2022-04-27",NA
"267",2027,14,"blue oak","Chamise","Shedd","md",NA,NA,"2022-04-04",NA
"268",2027,19,"blue oak","Chamise","Shedd","md",2022-05-09,NA,NA,"2022-05-09"
"269",2027,19,"blue oak","Chamise","Shedd","pd",2022-05-09,NA,NA,"2022-05-09"
"270",2027,21,"blue oak","Chamise","Shedd","md",2022-05-23,2022-05-23,"2022-05-23","2022-05-23"
"271",2027,21,"blue oak","Chamise","Shedd","pd",2022-05-25,2022-05-23,"2022-05-25","2022-05-23"
"272",2027,29,"blue oak","Chamise","Shedd","pd",2022-07-19,2022-07-19,NA,NA
"273",2027,33,"blue oak","Chamise","Shedd","pd",2022-08-18,NA,NA,NA
"274",2028,14,"blue oak","Chamise","Shedd","pd",2022-04-04,2022-04-04,"2022-04-04",NA
"275",2028,14,"blue oak","Chamise","Shedd","md",NA,NA,"2022-04-04",NA
"276",2028,15,"blue oak","Chamise","Shedd","md",2022-04-13,2022-04-13,NA,"2022-04-14"
"277",2028,17,"blue oak","Chamise","Shedd","md",2022-04-27,2022-04-27,"2022-04-27",NA
"278",2028,17,"blue oak","Chamise","Shedd","pd",2022-04-27,2022-04-27,"2022-04-27",NA
"279",2028,19,"blue oak","Chamise","Shedd","md",2022-05-09,NA,NA,"2022-05-09"
"280",2028,19,"blue oak","Chamise","Shedd","pd",2022-05-09,NA,NA,"2022-05-09"
"281",2028,21,"blue oak","Chamise","Shedd","md",2022-05-23,2022-05-23,"2022-05-23","2022-05-23"
"282",2028,21,"blue oak","Chamise","Shedd","pd",2022-05-25,2022-05-23,"2022-05-25","2022-05-23"
"283",2028,29,"blue oak","Chamise","Shedd","md",2022-07-19,2022-07-19,NA,NA
"284",2028,29,"blue oak","Chamise","Shedd","pd",2022-07-19,2022-07-19,NA,NA
"285",2028,33,"blue oak","Chamise","Shedd","md",2022-08-18,NA,NA,NA
"286",2028,33,"blue oak","Chamise","Shedd","pd",2022-08-18,NA,NA,NA
"287",2029,14,"live oak","Chamise","Shedd","pd",2022-04-04,2022-04-04,"2022-04-04",NA
"288",2029,14,"live oak","Chamise","Shedd","md",NA,NA,"2022-04-04",NA
"289",2029,17,"live oak","Chamise","Shedd","md",2022-04-27,2022-04-27,"2022-04-27",NA
"290",2029,17,"live oak","Chamise","Shedd","pd",NA,NA,"2022-04-27",NA
"291",2029,19,"live oak","Chamise","Shedd","md",2022-05-09,NA,NA,"2022-05-09"
"292",2029,19,"live oak","Chamise","Shedd","pd",2022-05-09,NA,NA,"2022-05-09"
"293",2029,21,"live oak","Chamise","Shedd","md",2022-05-23,2022-05-23,"2022-05-23","2022-05-23"
"294",2029,21,"live oak","Chamise","Shedd","pd",2022-05-25,2022-05-23,"2022-05-25","2022-05-23"
"295",2029,29,"live oak","Chamise","Shedd","md",2022-07-19,2022-07-19,NA,NA
"296",2029,29,"live oak","Chamise","Shedd","pd",2022-07-19,2022-07-19,NA,NA
"297",2029,33,"live oak","Chamise","Shedd","md",2022-08-18,NA,NA,NA
"298",2029,33,"live oak","Chamise","Shedd","pd",2022-08-18,NA,NA,NA
"299",2030,14,"live oak","Chamise","Shedd","pd",2022-04-04,2022-04-04,"2022-04-04",NA
"300",2030,14,"live oak","Chamise","Shedd","md",NA,NA,"2022-04-04",NA
"301",2030,17,"live oak","Chamise","Shedd","md",2022-04-27,2022-04-27,"2022-04-27",NA
"302",2030,17,"live oak","Chamise","Shedd","pd",2022-04-27,2022-04-27,"2022-04-27",NA
"303",2030,19,"live oak","Chamise","Shedd","md",2022-05-09,NA,NA,"2022-05-09"
"304",2030,19,"live oak","Chamise","Shedd","pd",2022-05-09,NA,NA,"2022-05-09"
"305",2030,21,"live oak","Chamise","Shedd","md",2022-05-23,2022-05-23,"2022-05-23","2022-05-23"
"306",2030,21,"live oak","Chamise","Shedd","pd",2022-05-25,2022-05-23,"2022-05-25","2022-05-23"
"307",2030,29,"live oak","Chamise","Shedd","md",2022-07-19,2022-07-19,NA,NA
"308",2030,29,"live oak","Chamise","Shedd","pd",2022-07-19,2022-07-19,NA,NA
"309",2030,33,"live oak","Chamise","Shedd","md",2022-08-18,NA,NA,NA
"310",2030,33,"live oak","Chamise","Shedd","pd",2022-08-18,NA,NA,NA
"311",2031,14,"blue oak","Chamise","Shedd","pd",2022-04-04,2022-04-04,"2022-04-04",NA
"312",2031,14,"blue oak","Chamise","Shedd",NA,NA,NA,"2022-04-04",NA
"313",2031,15,"blue oak","Chamise","Shedd","md",2022-04-13,2022-04-13,NA,"2022-04-14"
"314",2031,17,"blue oak","Chamise","Shedd","md",2022-04-27,2022-04-27,NA,NA
"315",2031,17,"blue oak","Chamise","Shedd","pd",2022-04-27,2022-04-27,NA,NA
"316",2031,19,"blue oak","Chamise","Shedd","md",2022-05-09,NA,NA,"2022-05-09"
"317",2031,19,"blue oak","Chamise","Shedd","pd",2022-05-09,NA,NA,"2022-05-09"
"318",2031,21,"blue oak","Chamise","Shedd","md",2022-05-23,2022-05-23,"2022-05-23","2022-05-23"
"319",2031,21,"blue oak","Chamise","Shedd","pd",2022-05-25,2022-05-23,"2022-05-25","2022-05-23"
"320",2031,29,"blue oak","Chamise","Shedd","md",2022-07-19,2022-07-19,NA,NA
"321",2031,29,"blue oak","Chamise","Shedd","pd",2022-07-19,2022-07-19,NA,NA
"322",2031,33,"blue oak","Chamise","Shedd","md",2022-08-18,NA,NA,NA
"323",2031,33,"blue oak","Chamise","Shedd","pd",2022-08-18,NA,NA,NA
"324",2032,17,"blue oak",NA,NA,"md",2022-04-27,2022-04-27,"2022-04-27",NA
"325",2032,17,"blue oak",NA,NA,"pd",2022-04-27,2022-04-27,"2022-04-27",NA
"326",2084,19,"blue oak",NA,NA,"md",2022-05-09,NA,NA,NA
"327",2085,11,"blue oak","PineNeedle","Low","pd",2022-03-15,2022-03-15,NA,NA
"328",2085,14,"blue oak","PineNeedle","Low","pd",2022-04-04,2022-04-04,"2022-04-04",NA
"329",2085,15,"blue oak","PineNeedle","Low","md",2022-04-11,2022-04-11,NA,"2022-04-11"
"330",2085,17,"blue oak","PineNeedle","Low","md",2022-04-27,2022-04-27,"2022-04-27",NA
"331",2085,17,"blue oak","PineNeedle","Low","pd",2022-04-27,2022-04-27,NA,NA
"332",2085,19,"blue oak","PineNeedle","Low","md",2022-05-09,NA,NA,"2022-05-09"
"333",2085,21,"blue oak","PineNeedle","Low","md",2022-05-25,2022-05-23,"2022-05-25","2022-05-27"
"334",2085,21,"blue oak","PineNeedle","Low","pd",2022-05-25,2022-05-23,"2022-05-25","2022-05-27"
"335",2085,29,"blue oak","PineNeedle","Low","md",2022-07-19,2022-07-19,NA,NA
"336",2085,29,"blue oak","PineNeedle","Low","pd",2022-07-19,2022-07-19,NA,NA
"337",2085,33,"blue oak","PineNeedle","Low","md",2022-08-18,NA,NA,NA
"338",2085,33,"blue oak","PineNeedle","Low","pd",2022-08-18,NA,NA,NA
"339",2086,11,"blue oak","PineNeedle","Low","pd",2022-03-15,2022-03-15,NA,NA
"340",2086,14,"blue oak","PineNeedle","Low","md",2022-04-04,2022-04-04,"2022-04-04",NA
"341",2086,14,"blue oak","PineNeedle","Low","pd",2022-04-04,2022-04-04,"2022-04-04",NA
"342",2086,15,"blue oak","PineNeedle","Low","md",2022-04-11,2022-04-11,NA,"2022-04-11"
"343",2086,17,"blue oak","PineNeedle","Low","md",2022-04-27,2022-04-27,"2022-04-27",NA
"344",2086,17,"blue oak","PineNeedle","Low","pd",2022-04-27,2022-04-27,"2022-04-27",NA
"345",2086,19,"blue oak","PineNeedle","Low","md",2022-05-09,NA,NA,"2022-05-09"
"346",2086,21,"blue oak","PineNeedle","Low","md",2022-05-25,2022-05-23,"2022-05-25","2022-05-27"
"347",2086,21,"blue oak","PineNeedle","Low","pd",2022-05-25,2022-05-23,"2022-05-25","2022-05-27"
"348",2086,29,"blue oak","PineNeedle","Low","md",2022-07-19,2022-07-19,NA,NA
"349",2086,29,"blue oak","PineNeedle","Low","pd",2022-07-19,2022-07-19,NA,NA
"350",2086,33,"blue oak","PineNeedle","Low","pd",2022-08-18,NA,NA,NA
"351",2086,33,"blue oak","PineNeedle","Low","md",2022-08-18,NA,NA,NA
"352",2087,11,"blue oak","PineNeedle","Low","pd",2022-03-15,2022-03-15,NA,NA
"353",2087,14,"blue oak","PineNeedle","Low","pd",2022-04-04,2022-04-04,"2022-04-04",NA
"354",2087,14,"blue oak","PineNeedle","Low","md",NA,NA,"2022-04-04",NA
"355",2087,15,"blue oak","PineNeedle","Low","md",2022-04-11,2022-04-11,NA,"2022-04-11"
"356",2087,17,"blue oak","PineNeedle","Low","md",2022-04-27,2022-04-27,"2022-04-27",NA
"357",2087,19,"blue oak","PineNeedle","Low","md",2022-05-09,NA,NA,"2022-05-09"
"358",2087,21,"blue oak","PineNeedle","Low","pd",2022-05-25,2022-05-23,"2022-05-25","2022-05-27"
"359",2087,29,"blue oak","PineNeedle","Low","md",2022-07-19,2022-07-19,NA,NA
"360",2087,29,"blue oak","PineNeedle","Low","pd",2022-07-19,2022-07-19,NA,NA
"361",2087,33,"blue oak","PineNeedle","Low","md",2022-08-18,NA,NA,NA
"362",2087,33,"blue oak","PineNeedle","Low","pd",2022-08-18,NA,NA,NA
"363",2087,21,"blue oak","PineNeedle","Low","md",NA,NA,"2022-05-25",NA
"364",2088,11,"blue oak","PineNeedle","Low","pd",2022-03-15,2022-03-15,NA,NA
"365",2088,14,"blue oak","PineNeedle","Low","md",NA,NA,"2022-04-04",NA
"366",2088,14,"blue oak","PineNeedle","Low","pd",2022-04-04,2022-04-04,"2022-04-04",NA
"367",2088,15,"blue oak","PineNeedle","Low","md",2022-04-11,2022-04-11,NA,"2022-04-11"
"368",2088,17,"blue oak","PineNeedle","Low","md",2022-04-27,2022-04-27,"2022-04-27",NA
"369",2088,17,"blue oak","PineNeedle","Low","pd",2022-04-27,2022-04-27,"2022-04-27",NA
"370",2088,19,"blue oak","PineNeedle","Low","md",2022-05-09,NA,NA,"2022-05-09"
"371",2088,21,"blue oak","PineNeedle","Low","md",2022-05-25,2022-05-23,"2022-05-25","2022-05-27"
"372",2088,21,"blue oak","PineNeedle","Low","pd",2022-05-25,2022-05-23,"2022-05-25","2022-05-27"
"373",2088,29,"blue oak","PineNeedle","Low","md",2022-07-19,2022-07-19,NA,NA
"374",2088,29,"blue oak","PineNeedle","Low","pd",2022-07-19,2022-07-19,NA,NA
"375",2088,33,"blue oak","PineNeedle","Low","md",2022-08-18,NA,NA,NA
"376",2088,33,"blue oak","PineNeedle","Low","pd",2022-08-18,NA,NA,NA
"377",2089,10,"live oak","PineNeedle","Low","md",2022-03-08,2022-03-08,NA,NA
"378",2089,11,"live oak","PineNeedle","Low","pd",2022-03-15,2022-03-15,"2022-03-15",NA
"379",2089,14,"live oak","PineNeedle","Low","pd",2022-04-04,2022-04-04,"2022-04-04",NA
"380",2089,15,"live oak","PineNeedle","Low","md",2022-04-11,2022-04-11,NA,"2022-04-11"
"381",2089,17,"live oak","PineNeedle","Low","md",2022-04-27,2022-04-27,"2022-04-27",NA
"382",2089,17,"live oak","PineNeedle","Low","pd",2022-04-27,2022-04-27,"2022-04-27",NA
"383",2089,19,"live oak","PineNeedle","Low","md",2022-05-09,NA,NA,"2022-05-09"
"384",2089,21,"live oak","PineNeedle","Low","md",2022-05-25,2022-05-23,"2022-05-25","2022-05-27"
"385",2089,21,"live oak","PineNeedle","Low","pd",2022-05-25,2022-05-23,"2022-05-25","2022-05-27"
"386",2089,29,"live oak","PineNeedle","Low","md",2022-07-19,2022-07-19,NA,NA
"387",2089,33,"live oak","PineNeedle","Low","md",2022-08-18,NA,NA,NA
"388",2090,11,"blue oak","PineNeedle","Low","pd",2022-03-15,2022-03-15,NA,NA
"389",2090,14,"blue oak","PineNeedle","Low","pd",2022-04-04,2022-04-04,"2022-04-04",NA
"390",2090,15,"blue oak","PineNeedle","Low","md",2022-04-11,2022-04-11,NA,"2022-04-11"
"391",2090,17,"blue oak","PineNeedle","Low","md",2022-04-27,2022-04-27,"2022-04-27",NA
"392",2090,17,"blue oak","PineNeedle","Low","pd",2022-04-27,2022-04-27,"2022-04-27",NA
"393",2090,19,"blue oak","PineNeedle","Low","md",2022-05-09,NA,NA,"2022-05-09"
"394",2090,21,"blue oak","PineNeedle","Low","md",2022-05-25,2022-05-23,"2022-05-25","2022-05-27"
"395",2090,21,"blue oak","PineNeedle","Low","pd",2022-05-25,2022-05-23,"2022-05-25","2022-05-27"
"396",2090,29,"blue oak","PineNeedle","Low","md",2022-07-19,2022-07-19,NA,NA
"397",2090,29,"blue oak","PineNeedle","Low","pd",2022-07-19,2022-07-19,NA,NA
"398",2090,33,"blue oak","PineNeedle","Low","md",2022-08-18,NA,NA,NA
"399",2090,33,"blue oak","PineNeedle","Low","pd",2022-08-18,NA,NA,NA
"400",2091,10,"live oak","PineNeedle","Low","md",2022-03-08,2022-03-08,NA,NA
"401",2091,11,"live oak","PineNeedle","Low","pd",2022-03-15,2022-03-15,"2022-03-15",NA
"402",2091,14,"live oak","PineNeedle","Low","pd",2022-04-04,2022-04-04,"2022-04-04",NA
"403",2091,14,"live oak","PineNeedle","Low",NA,NA,NA,"2022-04-04",NA
"404",2091,15,"live oak","PineNeedle","Low","md",2022-04-11,2022-04-11,NA,NA
"405",2091,17,"live oak","PineNeedle","Low","md",2022-04-27,2022-04-27,"2022-04-27",NA
"406",2091,17,"live oak","PineNeedle","Low","pd",2022-04-27,2022-04-27,"2022-04-27",NA
"407",2091,19,"live oak","PineNeedle","Low","md",2022-05-09,NA,NA,"2022-05-09"
"408",2091,21,"live oak","PineNeedle","Low","md",2022-05-25,2022-05-23,"2022-05-25","2022-05-27"
"409",2091,21,"live oak","PineNeedle","Low","pd",2022-05-25,2022-05-23,"2022-05-25","2022-05-27"
"410",2091,29,"live oak","PineNeedle","Low","md",2022-07-19,2022-07-19,NA,NA
"411",2091,29,"live oak","PineNeedle","Low","pd",2022-07-19,2022-07-19,NA,NA
"412",2091,33,"live oak","PineNeedle","Low","md",2022-08-18,NA,NA,NA
"413",2091,33,"live oak","PineNeedle","Low","pd",2022-08-18,NA,NA,NA
"414",2092,10,"live oak","PineNeedle","Low","md",2022-03-08,2022-03-08,NA,NA
"415",2092,11,"live oak","PineNeedle","Low","pd",2022-03-15,2022-03-15,"2022-03-15",NA
"416",2092,14,"live oak","PineNeedle","Low","md",NA,NA,"2022-04-04",NA
"417",2092,14,"live oak","PineNeedle","Low","pd",2022-04-04,2022-04-04,"2022-04-04",NA
"418",2092,15,"live oak","PineNeedle","Low","md",2022-04-11,2022-04-11,NA,NA
"419",2092,17,"live oak","PineNeedle","Low","md",2022-04-27,2022-04-27,"2022-04-27",NA
"420",2092,17,"live oak","PineNeedle","Low","pd",2022-04-27,2022-04-27,"2022-04-27",NA
"421",2092,19,"live oak","PineNeedle","Low","md",2022-05-09,NA,NA,"2022-05-09"
"422",2092,21,"live oak","PineNeedle","Low","md",2022-05-25,2022-05-23,"2022-05-25","2022-05-27"
"423",2092,21,"live oak","PineNeedle","Low","pd",2022-05-25,2022-05-23,"2022-05-25","2022-05-27"
"424",2092,29,"live oak","PineNeedle","Low","md",2022-07-19,2022-07-19,NA,NA
"425",2092,29,"live oak","PineNeedle","Low","pd",2022-07-19,2022-07-19,NA,NA
"426",2092,33,"live oak","PineNeedle","Low","md",2022-08-18,NA,NA,NA
"427",2092,33,"live oak","PineNeedle","Low","pd",2022-08-18,NA,NA,NA
"428",2093,10,"live oak","PineNeedle","Low","md",2022-03-08,2022-03-08,"2022-03-11",NA
"429",2093,11,"live oak","PineNeedle","Low","pd",2022-03-15,2022-03-15,"2022-03-15",NA
"430",2093,14,"live oak","PineNeedle","Low","md",NA,NA,"2022-04-04",NA
"431",2093,14,"live oak","PineNeedle","Low","pd",2022-04-04,2022-04-04,"2022-04-04",NA
"432",2093,15,"live oak","PineNeedle","Low","md",2022-04-11,2022-04-11,NA,"2022-04-11"
"433",2093,17,"live oak","PineNeedle","Low","md",2022-04-27,2022-04-27,"2022-04-27",NA
"434",2093,17,"live oak","PineNeedle","Low","pd",2022-04-27,2022-04-27,"2022-04-27",NA
"435",2093,19,"live oak","PineNeedle","Low","md",2022-05-09,NA,NA,"2022-05-09"
"436",2093,21,"live oak","PineNeedle","Low","md",2022-05-25,2022-05-23,"2022-05-25","2022-05-27"
"437",2093,21,"live oak","PineNeedle","Low","pd",2022-05-25,2022-05-23,"2022-05-25","2022-05-27"
"438",2093,29,"live oak","PineNeedle","Low","pd",2022-07-19,2022-07-19,NA,NA
"439",2093,33,"live oak","PineNeedle","Low","pd",2022-08-18,NA,NA,NA
"440",2301,9,"live oak","LL","Hobbiton","md",2022-02-28,2022-02-28,"2022-02-28",NA
"441",2301,9,"live oak","LL","Hobbiton","pd",2022-02-28,2022-02-28,NA,NA
"442",2301,10,"live oak","LL","Hobbiton","md",2022-03-08,2022-03-08,NA,NA
"443",2301,10,"live oak","LL","Hobbiton","pd",2022-03-08,2022-03-08,"2022-03-08",NA
"444",2301,12,"live oak","LL","Hobbiton","md",2022-03-23,2022-03-25,NA,NA
"445",2301,12,"live oak","LL","Hobbiton","md",2022-03-25,2022-03-25,NA,NA
"446",2301,12,"live oak","LL","Hobbiton","pd",2022-03-23,2022-03-25,NA,NA
"447",2301,12,"live oak","LL","Hobbiton","pd",2022-03-25,2022-03-25,NA,NA
"448",2301,13,"live oak","LL","Hobbiton","pd",2022-03-30,2022-03-30,"2022-03-30",NA
"449",2301,14,"live oak","LL","Hobbiton","md",2022-04-06,2022-04-06,NA,NA
"450",2301,14,"live oak","LL","Hobbiton","pd",2022-04-04,2022-04-04,"2022-04-04",NA
"451",2301,15,"live oak","LL","Hobbiton","md",2022-04-13,2022-04-13,NA,"2022-04-14"
"452",2301,15,"live oak","LL","Hobbiton","pd",2022-04-11,2022-04-11,NA,"2022-04-14"
"453",2301,17,"live oak","LL","Hobbiton","md",2022-04-25,2022-04-25,"2022-04-25",NA
"454",2301,18,"live oak","LL","Hobbiton","md",2022-05-04,2022-05-04,NA,NA
"455",2301,19,"live oak","LL","Hobbiton","md",2022-05-09,2022-05-09,NA,NA
"456",2301,19,"live oak","LL","Hobbiton","pd",2022-05-09,NA,NA,NA
"457",2301,21,"live oak","LL","Hobbiton","md",2022-05-25,2022-05-23,"2022-05-23",NA
"458",2301,21,"live oak","LL","Hobbiton","pd",2022-05-23,2022-05-23,"2022-05-23",NA
"459",2301,29,"live oak","LL","Hobbiton","md",2022-07-19,2022-07-19,NA,NA
"460",2301,29,"live oak","LL","Hobbiton","pd",2022-07-19,2022-07-19,NA,NA
"461",2301,33,"live oak","LL","Hobbiton","md",2022-08-18,2022-08-18,NA,NA
"462",2301,33,"live oak","LL","Hobbiton","pd",2022-08-18,2022-08-18,NA,NA
"463",2309,9,"blue oak","LL","Hobbiton","pd",2022-02-28,2022-02-28,NA,NA
"464",2313,9,"blue oak","LL","Ridge","pd",2022-02-28,2022-02-28,NA,NA
"465",2322,9,"live oak","LL","Ridge","pd",2022-02-28,2022-02-28,NA,NA
"466",2322,9,"live oak","LL","Ridge","md",NA,NA,"2022-02-28",NA
"467",2327,17,"blue oak",NA,NA,"pd",2022-04-25,2022-04-25,NA,NA
"468",2330,33,"blue oak","LL","Ridge","pd",NA,2022-08-18,NA,NA
"469",2331,9,"live oak","LL","Ridge","md",2022-02-28,2022-02-28,"2022-02-28",NA
"470",2331,9,"live oak","LL","Ridge","pd",2022-02-28,2022-02-28,NA,NA
"471",2331,10,"live oak","LL","Ridge","md",2022-03-08,2022-03-08,"2022-03-08",NA
"472",2331,10,"live oak","LL","Ridge","pd",2022-03-08,2022-03-08,"2022-03-11",NA
"473",2331,10,"live oak","LL","Ridge","pd",2022-03-08,2022-03-08,"2022-03-08",NA
"474",2331,12,"live oak","LL","Ridge","md",2022-03-25,2022-03-25,NA,NA
"475",2331,12,"live oak","LL","Ridge","md",2022-03-23,2022-03-25,NA,NA
"476",2331,12,"live oak","LL","Ridge","pd",2022-03-23,2022-03-25,NA,NA
"477",2331,12,"live oak","LL","Ridge","pd",2022-03-25,2022-03-25,NA,NA
"478",2331,13,"live oak","LL","Ridge","pd",2022-03-30,2022-03-30,"2022-03-30",NA
"479",2331,14,"live oak","LL","Ridge","md",2022-04-06,2022-04-06,NA,NA
"480",2331,14,"live oak","LL","Ridge","pd",NA,NA,"2022-04-04",NA
"481",2331,15,"live oak","LL","Ridge","md",2022-04-13,2022-04-13,NA,NA
"482",2331,15,"live oak","LL","Ridge","pd",2022-04-11,2022-04-11,NA,NA
"483",2331,17,"live oak","LL","Ridge","md",2022-04-25,2022-04-25,"2022-04-25",NA
"484",2331,18,"live oak","LL","Ridge","md",2022-05-04,2022-05-04,NA,"2022-05-04"
"485",2331,19,"live oak","LL","Ridge","md",2022-05-09,2022-05-09,NA,NA
"486",2331,19,"live oak","LL","Ridge","pd",2022-05-09,NA,NA,NA
"487",2331,21,"live oak","LL","Ridge","md",2022-05-25,2022-05-23,"2022-05-23","2022-05-25"
"488",2331,21,"live oak","LL","Ridge","pd",2022-05-23,2022-05-23,"2022-05-23","2022-05-25"
"489",2331,29,"live oak","LL","Ridge","md",2022-07-19,2022-07-19,NA,NA
"490",2331,29,"live oak","LL","Ridge","pd",2022-07-19,2022-07-19,NA,NA
"491",2331,33,"live oak","LL","Ridge","md",2022-08-18,2022-08-18,NA,NA
"492",2331,33,"live oak","LL","Ridge","pd",2022-08-18,NA,NA,NA
"493",2343,9,"blue oak","LL","Hobbiton","pd",2022-02-28,2022-02-28,NA,NA
"494",2343,10,"blue oak","LL","Hobbiton","pd",2022-03-08,2022-03-08,NA,NA
"495",2343,12,"blue oak","LL","Hobbiton","md",2022-03-23,2022-03-25,NA,NA
"496",2343,12,"blue oak","LL","Hobbiton","md",2022-03-25,2022-03-25,NA,NA
"497",2343,12,"blue oak","LL","Hobbiton","pd",2022-03-23,2022-03-25,NA,NA
"498",2343,12,"blue oak","LL","Hobbiton","pd",2022-03-23,2022-03-23,NA,NA
"499",2343,12,"blue oak","LL","Hobbiton","pd",2022-03-25,2022-03-25,NA,NA
"500",2343,12,"blue oak","LL","Hobbiton","pd",2022-03-25,2022-03-23,NA,NA
"501",2343,13,"blue oak","LL","Hobbiton","pd",2022-03-30,2022-03-30,"2022-03-30",NA
"502",2343,14,"blue oak","LL","Hobbiton","md",2022-04-06,2022-04-06,NA,NA
"503",2343,14,"blue oak","LL","Hobbiton","pd",NA,NA,"2022-04-04",NA
"504",2343,15,"blue oak","LL","Hobbiton","md",2022-04-13,2022-04-13,NA,"2022-04-12"
"505",2343,15,"blue oak","LL","Hobbiton","pd",2022-04-11,2022-04-11,NA,"2022-04-12"
"506",2343,17,"blue oak","LL","Hobbiton","md",2022-04-27,2022-04-27,"2022-04-25",NA
"507",2343,17,"blue oak","LL","Hobbiton","md",2022-04-25,2022-04-25,"2022-04-25",NA
"508",2343,17,"blue oak","LL","Hobbiton","md",2022-04-25,2022-04-27,"2022-04-25",NA
"509",2343,17,"blue oak","LL","Hobbiton","md",2022-04-27,2022-04-25,"2022-04-25",NA
"510",2343,17,"blue oak","LL","Hobbiton","pd",2022-04-25,2022-04-25,"2022-04-25",NA
"511",2343,17,"blue oak","LL","Hobbiton","pd",2022-04-27,2022-04-25,"2022-04-25",NA
"512",2343,17,"blue oak","LL","Hobbiton","pd",2022-04-27,2022-04-27,"2022-04-25",NA
"513",2343,17,"blue oak","LL","Hobbiton","pd",2022-04-25,2022-04-27,"2022-04-25",NA
"514",2343,18,"blue oak","LL","Hobbiton","md",2022-05-04,2022-05-04,NA,"2022-05-03"
"515",2343,18,"blue oak","LL","Hobbiton","md",2022-05-04,2022-05-04,NA,"2022-05-04"
"516",2343,18,"blue oak","LL","Hobbiton","pd",2022-05-04,2022-05-04,NA,"2022-05-04"
"517",2343,18,"blue oak","LL","Hobbiton","pd",2022-05-04,2022-05-04,NA,"2022-05-03"
"518",2343,19,"blue oak","LL","Hobbiton","md",2022-05-09,2022-05-09,NA,NA
"519",2343,19,"blue oak","LL","Hobbiton","pd",2022-05-09,2022-05-09,NA,NA
"520",2343,21,"blue oak","LL","Hobbiton","md",2022-05-23,2022-05-23,NA,"2022-05-23"
"521",2343,21,"blue oak","LL","Hobbiton","pd",2022-05-23,2022-05-23,"2022-05-23","2022-05-23"
"522",2343,21,"blue oak","LL","Hobbiton","pd",2022-05-25,2022-05-23,"2022-05-23","2022-05-23"
"523",2343,29,"blue oak","LL","Hobbiton","md",2022-07-19,2022-07-19,NA,NA
"524",2343,29,"blue oak","LL","Hobbiton","pd",2022-07-19,2022-07-19,NA,NA
"525",2343,33,"blue oak","LL","Hobbiton","md",2022-08-18,2022-08-18,NA,NA
"526",2343,33,"blue oak","LL","Hobbiton","pd",2022-08-18,2022-08-18,NA,NA
"527",2344,9,"blue oak","LL","Hobbiton","pd",2022-02-28,2022-02-28,NA,NA
"528",2345,9,"live oak","LL","Hobbiton","md",2022-02-28,2022-02-28,"2022-02-28",NA
"529",2345,9,"live oak","LL","Hobbiton","pd",2022-02-28,2022-02-28,NA,NA
"530",2345,10,"live oak","LL","Hobbiton","md",2022-03-08,2022-03-08,"2022-03-08",NA
"531",2345,10,"live oak","LL","Hobbiton","pd",2022-03-08,2022-03-08,"2022-03-08",NA
"532",2345,12,"live oak","LL","Hobbiton","md",2022-03-23,2022-03-25,NA,NA
"533",2345,12,"live oak","LL","Hobbiton","md",2022-03-25,2022-03-25,NA,NA
"534",2345,12,"live oak","LL","Hobbiton","pd",2022-03-23,2022-03-25,NA,NA
"535",2345,12,"live oak","LL","Hobbiton","pd",2022-03-25,2022-03-25,NA,NA
"536",2345,13,"live oak","LL","Hobbiton","pd",2022-03-30,2022-03-30,"2022-03-30",NA
"537",2345,14,"live oak","LL","Hobbiton","md",2022-04-06,2022-04-06,NA,NA
"538",2345,14,"live oak","LL","Hobbiton","pd",2022-04-04,2022-04-04,NA,NA
"539",2345,15,"live oak","LL","Hobbiton","md",2022-04-13,2022-04-13,NA,"2022-04-14"
"540",2345,15,"live oak","LL","Hobbiton","pd",2022-04-11,2022-04-11,NA,"2022-04-14"
"541",2345,17,"live oak","LL","Hobbiton","md",2022-04-25,2022-04-25,"2022-04-25",NA
"542",2345,17,"live oak","LL","Hobbiton","pd",2022-04-25,2022-04-25,"2022-04-25",NA
"543",2345,18,"live oak","LL","Hobbiton","md",2022-05-04,2022-05-04,NA,NA
"544",2345,19,"live oak","LL","Hobbiton","md",2022-05-09,2022-05-09,NA,NA
"545",2345,19,"live oak","LL","Hobbiton","pd",2022-05-09,NA,NA,NA
"546",2345,21,"live oak","LL","Hobbiton","md",2022-05-23,2022-05-23,"2022-05-23",NA
"547",2345,21,"live oak","LL","Hobbiton","pd",2022-05-23,2022-05-23,"2022-05-23",NA
"548",2345,29,"live oak","LL","Hobbiton","md",2022-07-19,2022-07-19,NA,NA
"549",2345,29,"live oak","LL","Hobbiton","pd",2022-07-19,2022-07-19,NA,NA
"550",2345,33,"live oak","LL","Hobbiton","md",2022-08-18,2022-08-18,NA,NA
"551",2345,33,"live oak","LL","Hobbiton","pd",2022-08-18,2022-08-18,NA,NA
"552",2346,9,"blue oak","LL","Hobbiton","pd",2022-02-28,2022-02-28,NA,NA
"553",2346,10,"blue oak","LL","Hobbiton","md",2022-03-08,2022-03-08,NA,NA
"554",2346,10,"blue oak","LL","Hobbiton","pd",2022-03-08,2022-03-08,NA,NA
"555",2346,11,"blue oak","LL","Hobbiton","md",2022-03-15,2022-03-15,NA,NA
"556",2346,11,"blue oak","LL","Hobbiton","pd",2022-03-15,2022-03-15,NA,NA
"557",2346,12,"blue oak","LL","Hobbiton","md",2022-03-23,2022-03-25,NA,NA
"558",2346,12,"blue oak","LL","Hobbiton","md",2022-03-25,2022-03-25,NA,NA
"559",2346,12,"blue oak","LL","Hobbiton","pd",2022-03-25,2022-03-23,NA,NA
"560",2346,12,"blue oak","LL","Hobbiton","pd",2022-03-25,2022-03-25,NA,NA
"561",2346,12,"blue oak","LL","Hobbiton","pd",2022-03-23,2022-03-23,NA,NA
"562",2346,12,"blue oak","LL","Hobbiton","pd",2022-03-23,2022-03-25,NA,NA
"563",2346,13,"blue oak","LL","Hobbiton","pd",2022-03-30,2022-03-30,"2022-03-30",NA
"564",2346,14,"blue oak","LL","Hobbiton","md",2022-04-06,2022-04-06,NA,NA
"565",2346,15,"blue oak","LL","Hobbiton","md",2022-04-13,2022-04-13,NA,"2022-04-12"
"566",2346,15,"blue oak","LL","Hobbiton","pd",2022-04-11,2022-04-11,NA,"2022-04-12"
"567",2346,17,"blue oak","LL","Hobbiton","md",2022-04-27,2022-04-27,"2022-04-25",NA
"568",2346,17,"blue oak","LL","Hobbiton","md",2022-04-25,2022-04-25,"2022-04-25",NA
"569",2346,17,"blue oak","LL","Hobbiton","md",2022-04-27,2022-04-25,"2022-04-25",NA
"570",2346,17,"blue oak","LL","Hobbiton","md",2022-04-25,2022-04-27,"2022-04-25",NA
"571",2346,17,"blue oak","LL","Hobbiton","pd",2022-04-25,2022-04-27,"2022-04-25",NA
"572",2346,17,"blue oak","LL","Hobbiton","pd",2022-04-27,2022-04-25,"2022-04-25",NA
"573",2346,17,"blue oak","LL","Hobbiton","pd",2022-04-27,2022-04-27,"2022-04-25",NA
"574",2346,17,"blue oak","LL","Hobbiton","pd",2022-04-25,2022-04-25,"2022-04-25",NA
"575",2346,18,"blue oak","LL","Hobbiton","md",2022-05-04,2022-05-04,NA,"2022-05-03"
"576",2346,18,"blue oak","LL","Hobbiton","md",2022-05-04,2022-05-04,NA,"2022-05-04"
"577",2346,18,"blue oak","LL","Hobbiton","pd",2022-05-04,2022-05-04,NA,"2022-05-03"
"578",2346,18,"blue oak","LL","Hobbiton","pd",2022-05-04,2022-05-04,NA,"2022-05-04"
"579",2346,19,"blue oak","LL","Hobbiton","md",2022-05-09,2022-05-09,NA,NA
"580",2346,19,"blue oak","LL","Hobbiton","pd",2022-05-09,2022-05-09,NA,NA
"581",2346,21,"blue oak","LL","Hobbiton","md",2022-05-23,2022-05-23,"2022-05-23","2022-05-25"
"582",2346,21,"blue oak","LL","Hobbiton","pd",2022-05-25,2022-05-23,"2022-05-23","2022-05-25"
"583",2346,21,"blue oak","LL","Hobbiton","pd",2022-05-23,2022-05-23,"2022-05-23","2022-05-25"
"584",2346,29,"blue oak","LL","Hobbiton","md",2022-07-19,2022-07-19,NA,NA
"585",2346,29,"blue oak","LL","Hobbiton","pd",2022-07-19,2022-07-19,NA,NA
"586",2346,33,"blue oak","LL","Hobbiton","md",2022-08-18,2022-08-18,NA,NA
"587",2346,33,"blue oak","LL","Hobbiton","pd",2022-08-18,NA,NA,NA
"588",2347,9,"blue oak","LL","Hobbiton","pd",2022-02-28,2022-02-28,NA,NA
"589",2347,10,"blue oak","LL","Hobbiton","md",2022-03-08,2022-03-08,NA,NA
"590",2347,11,"blue oak","LL","Hobbiton","md",2022-03-15,2022-03-15,NA,NA
"591",2347,12,"blue oak","LL","Hobbiton","md",2022-03-25,2022-03-25,NA,NA
"592",2347,12,"blue oak","LL","Hobbiton","md",2022-03-23,2022-03-25,NA,NA
"593",2347,12,"blue oak","LL","Hobbiton","pd",2022-03-25,2022-03-23,NA,NA
"594",2347,12,"blue oak","LL","Hobbiton","pd",2022-03-25,2022-03-25,NA,NA
"595",2347,12,"blue oak","LL","Hobbiton","pd",2022-03-23,2022-03-25,NA,NA
"596",2347,12,"blue oak","LL","Hobbiton","pd",2022-03-23,2022-03-23,NA,NA
"597",2347,13,"blue oak","LL","Hobbiton","pd",2022-03-30,2022-03-30,"2022-03-30",NA
"598",2347,14,"blue oak","LL","Hobbiton","md",2022-04-06,2022-04-06,NA,NA
"599",2347,14,"blue oak","LL","Hobbiton","pd",NA,NA,"2022-04-04",NA
"600",2347,15,"blue oak","LL","Hobbiton","md",2022-04-13,2022-04-13,NA,"2022-04-12"
"601",2347,15,"blue oak","LL","Hobbiton","pd",2022-04-11,2022-04-11,NA,"2022-04-12"
"602",2347,17,"blue oak","LL","Hobbiton","md",2022-04-25,2022-04-25,"2022-04-25",NA
"603",2347,17,"blue oak","LL","Hobbiton","md",2022-04-27,2022-04-25,"2022-04-25",NA
"604",2347,17,"blue oak","LL","Hobbiton","md",2022-04-25,2022-04-27,"2022-04-25",NA
"605",2347,17,"blue oak","LL","Hobbiton","md",2022-04-27,2022-04-27,"2022-04-25",NA
"606",2347,17,"blue oak","LL","Hobbiton","pd",2022-04-27,2022-04-27,"2022-04-25",NA
"607",2347,17,"blue oak","LL","Hobbiton","pd",2022-04-25,2022-04-25,"2022-04-25",NA
"608",2347,17,"blue oak","LL","Hobbiton","pd",2022-04-25,2022-04-27,"2022-04-25",NA
"609",2347,17,"blue oak","LL","Hobbiton","pd",2022-04-27,2022-04-25,"2022-04-25",NA
"610",2347,18,"blue oak","LL","Hobbiton","md",2022-05-04,2022-05-04,NA,"2022-05-03"
"611",2347,18,"blue oak","LL","Hobbiton","pd",2022-05-04,2022-05-04,NA,"2022-05-03"
"612",2347,19,"blue oak","LL","Hobbiton","md",2022-05-09,2022-05-09,NA,NA
"613",2347,19,"blue oak","LL","Hobbiton","pd",2022-05-09,2022-05-09,NA,NA
"614",2347,21,"blue oak","LL","Hobbiton","md",2022-05-25,2022-05-23,"2022-05-23","2022-05-25"
"615",2347,21,"blue oak","LL","Hobbiton","md",2022-05-23,2022-05-23,"2022-05-23","2022-05-25"
"616",2347,21,"blue oak","LL","Hobbiton","pd",2022-05-25,2022-05-23,"2022-05-23","2022-05-25"
"617",2347,21,"blue oak","LL","Hobbiton","pd",2022-05-23,2022-05-23,"2022-05-23","2022-05-25"
"618",2347,29,"blue oak","LL","Hobbiton","md",2022-07-19,2022-07-19,NA,NA
"619",2347,29,"blue oak","LL","Hobbiton","pd",2022-07-19,2022-07-19,NA,NA
"620",2347,33,"blue oak","LL","Hobbiton","md",2022-08-18,2022-08-18,NA,NA
"621",2347,33,"blue oak","LL","Hobbiton","pd",2022-08-18,2022-08-18,NA,NA
"622",2348,10,"blue oak","LL","Hobbiton","pd",2022-03-08,2022-03-08,NA,NA
"623",2348,11,"blue oak","LL","Hobbiton","pd",2022-03-15,2022-03-15,NA,NA
"624",2349,9,"blue oak","LL","Hobbiton","pd",2022-02-28,2022-02-28,NA,NA
"625",2349,10,"blue oak","LL","Hobbiton","pd",2022-03-08,2022-03-08,NA,NA
"626",2349,11,"blue oak","LL","Hobbiton","md",2022-03-15,2022-03-15,NA,NA
"627",2349,11,"blue oak","LL","Hobbiton","pd",2022-03-15,2022-03-15,NA,NA
"628",2352,9,"live oak","LL","MiddleEarth","md",2022-02-28,2022-02-28,"2022-02-28",NA
"629",2352,10,"live oak","LL","MiddleEarth","md",2022-03-08,2022-03-08,"2022-03-08",NA
"630",2352,10,"live oak","LL","MiddleEarth","pd",2022-03-08,2022-03-08,NA,NA
"631",2352,11,"live oak","LL","MiddleEarth","pd",NA,NA,"2022-03-15",NA
"632",2352,12,"live oak","LL","MiddleEarth","pd",2022-03-23,2022-03-25,NA,NA
"633",2352,12,"live oak","LL","MiddleEarth","pd",2022-03-25,2022-03-25,NA,NA
"634",2352,13,"live oak","LL","MiddleEarth","pd",2022-03-30,2022-03-30,"2022-03-30",NA
"635",2352,14,"live oak","LL","MiddleEarth","pd",NA,NA,"2022-04-04",NA
"636",2352,15,"live oak","LL","MiddleEarth","md",2022-04-13,2022-04-13,NA,NA
"637",2352,15,"live oak","LL","MiddleEarth","pd",2022-04-11,2022-04-11,NA,NA
"638",2352,17,"live oak","LL","MiddleEarth","md",2022-04-25,2022-04-25,"2022-04-25",NA
"639",2352,17,"live oak","LL","MiddleEarth","pd",2022-04-25,2022-04-25,"2022-04-25",NA
"640",2352,18,"live oak","LL","MiddleEarth","md",2022-05-04,2022-05-04,NA,NA
"641",2352,19,"live oak","LL","MiddleEarth","md",2022-05-09,2022-05-09,NA,NA
"642",2352,19,"live oak","LL","MiddleEarth","pd",2022-05-09,NA,NA,NA
"643",2352,21,"live oak","LL","MiddleEarth","md",2022-05-23,2022-05-23,"2022-05-23",NA
"644",2352,21,"live oak","LL","MiddleEarth","pd",2022-05-23,2022-05-23,"2022-05-23",NA
"645",2352,29,"live oak","LL","MiddleEarth","md",2022-07-19,2022-07-19,NA,NA
"646",2352,29,"live oak","LL","MiddleEarth","pd",2022-07-19,2022-07-19,NA,NA
"647",2352,33,"live oak","LL","MiddleEarth","md",2022-08-18,2022-08-18,NA,NA
"648",2352,33,"live oak","LL","MiddleEarth","pd",2022-08-18,2022-08-18,NA,NA
"649",2353,12,"live oak","LL","MiddleEarth","md",2022-03-23,2022-03-25,NA,NA
"650",2353,12,"live oak","LL","MiddleEarth","md",2022-03-25,2022-03-25,NA,NA
"651",2353,14,"live oak","LL","MiddleEarth","md",2022-04-06,2022-04-06,NA,NA
"652",2354,9,"live oak","LL","MiddleEarth","md",2022-02-28,2022-02-28,"2022-02-28",NA
"653",2354,10,"live oak","LL","MiddleEarth","md",2022-03-08,2022-03-08,NA,NA
"654",2354,10,"live oak","LL","MiddleEarth","pd",2022-03-08,2022-03-08,"2022-03-11",NA
"655",2354,12,"live oak","LL","MiddleEarth","md",2022-03-23,2022-03-25,NA,NA
"656",2354,12,"live oak","LL","MiddleEarth","md",2022-03-25,2022-03-25,NA,NA
"657",2354,12,"live oak","LL","MiddleEarth","pd",2022-03-23,2022-03-25,NA,NA
"658",2354,12,"live oak","LL","MiddleEarth","pd",2022-03-25,2022-03-25,NA,NA
"659",2354,13,"live oak","LL","MiddleEarth","pd",2022-03-30,2022-03-30,"2022-03-30",NA
"660",2354,14,"live oak","LL","MiddleEarth","md",2022-04-06,2022-04-06,NA,NA
"661",2354,14,"live oak","LL","MiddleEarth","pd",NA,NA,"2022-04-04",NA
"662",2354,15,"live oak","LL","MiddleEarth","md",2022-04-13,2022-04-13,NA,"2022-04-12"
"663",2354,15,"live oak","LL","MiddleEarth","pd",2022-04-11,2022-04-11,NA,"2022-04-12"
"664",2354,17,"live oak","LL","MiddleEarth","md",NA,NA,"2022-04-25",NA
"665",2354,17,"live oak","LL","MiddleEarth","pd",2022-04-25,2022-04-25,"2022-04-25",NA
"666",2354,18,"live oak","LL","MiddleEarth","md",2022-05-04,2022-05-04,NA,"2022-05-04"
"667",2354,19,"live oak","LL","MiddleEarth","md",2022-05-09,2022-05-09,NA,NA
"668",2354,19,"live oak","LL","MiddleEarth","pd",2022-05-09,NA,NA,NA
"669",2354,21,"live oak","LL","MiddleEarth","md",2022-05-23,2022-05-23,"2022-05-23",NA
"670",2354,21,"live oak","LL","MiddleEarth","pd",2022-05-23,2022-05-23,"2022-05-23",NA
"671",2354,29,"live oak","LL","MiddleEarth","md",2022-07-19,2022-07-19,NA,NA
"672",2354,29,"live oak","LL","MiddleEarth","pd",2022-07-19,2022-07-19,NA,NA
"673",2354,33,"live oak","LL","MiddleEarth","md",2022-08-18,2022-08-18,NA,NA
"674",2354,33,"live oak","LL","MiddleEarth","pd",2022-08-18,2022-08-18,NA,NA
"675",2360,13,"blue oak","LL","MiddleEarth","pd",2022-03-30,2022-03-30,"2022-03-30",NA
"676",2360,14,"blue oak","LL","MiddleEarth","md",2022-04-06,2022-04-06,NA,NA
"677",2360,15,"blue oak","LL","MiddleEarth","md",2022-04-13,2022-04-13,NA,"2022-04-14"
"678",2360,14,"blue oak","LL","MiddleEarth","pd",NA,NA,"2022-04-04",NA
"679",2360,15,"blue oak","LL","MiddleEarth","pd",2022-04-11,2022-04-11,NA,"2022-04-14"
"680",2360,17,"blue oak","LL","MiddleEarth","md",2022-04-25,2022-04-25,"2022-04-25",NA
"681",2360,17,"blue oak","LL","MiddleEarth","pd",2022-04-25,2022-04-25,"2022-04-25",NA
"682",2360,18,"blue oak","LL","MiddleEarth","md",2022-05-04,2022-05-04,NA,"2022-05-04"
"683",2360,19,"blue oak","LL","MiddleEarth","md",NA,2022-05-09,NA,NA
"684",2360,21,"blue oak","LL","MiddleEarth","md",2022-05-23,2022-05-23,"2022-05-23","2022-05-23"
"685",2360,21,"blue oak","LL","MiddleEarth","pd",2022-05-23,2022-05-23,NA,"2022-05-23"
"686",2360,29,"blue oak","LL","MiddleEarth","md",2022-07-19,2022-07-19,NA,NA
"687",2360,29,"blue oak","LL","MiddleEarth","pd",2022-07-19,2022-07-19,NA,NA
"688",2360,33,"blue oak","LL","MiddleEarth","md",2022-08-18,2022-08-18,NA,NA
"689",2360,33,"blue oak","LL","MiddleEarth","pd",2022-08-18,2022-08-18,NA,NA
"690",2361,11,"blue oak","LL","MiddleEarth","pd",2022-03-15,2022-03-15,NA,NA
"691",2364,19,"blue oak","LL","MiddleEarth","pd",2022-05-09,NA,NA,NA
"692",2364,19,"blue oak","LL","MiddleEarth","md",2022-05-09,NA,NA,NA
"693",2365,10,"blue oak","LL","MiddleEarth","md",2022-03-08,2022-03-08,NA,NA
"694",2365,10,"blue oak","LL","MiddleEarth","pd",2022-03-08,2022-03-08,NA,NA
"695",2365,11,"blue oak","LL","MiddleEarth","md",2022-03-15,2022-03-15,NA,NA
"696",2365,11,"blue oak","LL","MiddleEarth","pd",2022-03-15,2022-03-15,NA,NA
"697",2365,12,"blue oak","LL","MiddleEarth","md",2022-03-25,2022-03-25,NA,NA
"698",2365,12,"blue oak","LL","MiddleEarth","md",2022-03-23,2022-03-25,NA,NA
"699",2365,12,"blue oak","LL","MiddleEarth","pd",2022-03-23,2022-03-25,NA,NA
"700",2365,12,"blue oak","LL","MiddleEarth","pd",2022-03-23,2022-03-23,NA,NA
"701",2365,12,"blue oak","LL","MiddleEarth","pd",2022-03-25,2022-03-23,NA,NA
"702",2365,12,"blue oak","LL","MiddleEarth","pd",2022-03-25,2022-03-25,NA,NA
"703",2365,13,"blue oak","LL","MiddleEarth","pd",2022-03-30,2022-03-30,"2022-03-30",NA
"704",2365,14,"blue oak","LL","MiddleEarth","md",2022-04-06,2022-04-06,NA,NA
"705",2365,14,"blue oak","LL","MiddleEarth","pd",NA,NA,"2022-04-04",NA
"706",2365,15,"blue oak","LL","MiddleEarth","md",2022-04-13,2022-04-13,NA,"2022-04-14"
"707",2365,15,"blue oak","LL","MiddleEarth","pd",2022-04-11,2022-04-11,NA,"2022-04-14"
"708",2365,17,"blue oak","LL","MiddleEarth","md",2022-04-25,2022-04-25,"2022-04-25",NA
"709",2365,17,"blue oak","LL","MiddleEarth","md",2022-04-25,2022-04-27,"2022-04-25",NA
"710",2365,17,"blue oak","LL","MiddleEarth","md",2022-04-27,2022-04-27,"2022-04-25",NA
"711",2365,17,"blue oak","LL","MiddleEarth","md",2022-04-27,2022-04-25,"2022-04-25",NA
"712",2365,17,"blue oak","LL","MiddleEarth","pd",2022-04-25,2022-04-25,"2022-04-25",NA
"713",2365,17,"blue oak","LL","MiddleEarth","pd",2022-04-25,2022-04-27,"2022-04-25",NA
"714",2365,17,"blue oak","LL","MiddleEarth","pd",2022-04-27,2022-04-25,"2022-04-25",NA
"715",2365,17,"blue oak","LL","MiddleEarth","pd",2022-04-27,2022-04-27,"2022-04-25",NA
"716",2365,18,"blue oak","LL","MiddleEarth","md",2022-05-04,2022-05-04,NA,"2022-05-03"
"717",2365,18,"blue oak","LL","MiddleEarth","md",2022-05-04,2022-05-04,NA,"2022-05-04"
"718",2365,18,"blue oak","LL","MiddleEarth","pd",2022-05-04,2022-05-04,NA,"2022-05-03"
"719",2365,18,"blue oak","LL","MiddleEarth","pd",2022-05-04,2022-05-04,NA,"2022-05-04"
"720",2365,19,"blue oak","LL","MiddleEarth","md",2022-05-09,2022-05-09,NA,NA
"721",2365,19,"blue oak","LL","MiddleEarth","pd",2022-05-09,2022-05-09,NA,NA
"722",2365,21,"blue oak","LL","MiddleEarth","md",2022-05-23,2022-05-23,"2022-05-23","2022-05-23"
"723",2365,21,"blue oak","LL","MiddleEarth","pd",2022-05-23,2022-05-23,"2022-05-23","2022-05-23"
"724",2365,21,"blue oak","LL","MiddleEarth","pd",2022-05-25,2022-05-23,"2022-05-23","2022-05-23"
"725",2365,29,"blue oak","LL","MiddleEarth","md",2022-07-19,2022-07-19,NA,NA
"726",2365,29,"blue oak","LL","MiddleEarth","pd",2022-07-19,2022-07-19,NA,NA
"727",2365,33,"blue oak","LL","MiddleEarth","md",2022-08-18,2022-08-18,NA,NA
"728",2365,33,"blue oak","LL","MiddleEarth","pd",2022-08-18,2022-08-18,NA,NA
"729",2366,9,"blue oak","LL","MiddleEarth","md",NA,NA,"2022-02-28",NA
"730",2366,10,"blue oak","LL","MiddleEarth","md",2022-03-08,2022-03-08,NA,NA
"731",2366,10,"blue oak","LL","MiddleEarth","pd",2022-03-08,2022-03-08,"2022-03-08",NA
"732",2367,10,"blue oak","LL","MiddleEarth","md",2022-03-08,2022-03-08,NA,NA
"733",2367,10,"blue oak","LL","MiddleEarth","pd",2022-03-08,2022-03-08,NA,NA
"734",2367,11,"blue oak","LL","MiddleEarth","md",2022-03-15,2022-03-15,NA,NA
"735",2367,12,"blue oak","LL","MiddleEarth","md",2022-03-25,2022-03-25,NA,NA
"736",2367,12,"blue oak","LL","MiddleEarth","md",2022-03-23,2022-03-25,NA,NA
"737",2367,12,"blue oak","LL","MiddleEarth","pd",2022-03-23,2022-03-23,NA,NA
"738",2367,12,"blue oak","LL","MiddleEarth","pd",2022-03-25,2022-03-23,NA,NA
"739",2367,12,"blue oak","LL","MiddleEarth","pd",2022-03-25,2022-03-25,NA,NA
"740",2367,12,"blue oak","LL","MiddleEarth","pd",2022-03-23,2022-03-25,NA,NA
"741",2367,13,"blue oak","LL","MiddleEarth","pd",2022-03-30,2022-03-30,"2022-03-30",NA
"742",2367,14,"blue oak","LL","MiddleEarth","md",2022-04-06,2022-04-06,NA,NA
"743",2367,14,"blue oak","LL","MiddleEarth","pd",NA,NA,"2022-04-04",NA
"744",2367,15,"blue oak","LL","MiddleEarth","md",2022-04-13,2022-04-13,NA,"2022-04-14"
"745",2367,15,"blue oak","LL","MiddleEarth","pd",2022-04-11,2022-04-11,NA,"2022-04-14"
"746",2367,17,"blue oak","LL","MiddleEarth","md",2022-04-25,2022-04-27,"2022-04-25",NA
"747",2367,17,"blue oak","LL","MiddleEarth","md",2022-04-27,2022-04-25,"2022-04-25",NA
"748",2367,17,"blue oak","LL","MiddleEarth","md",2022-04-27,2022-04-27,"2022-04-25",NA
"749",2367,17,"blue oak","LL","MiddleEarth","md",2022-04-25,2022-04-25,"2022-04-25",NA
"750",2367,17,"blue oak","LL","MiddleEarth","pd",2022-04-27,2022-04-27,"2022-04-25",NA
"751",2367,17,"blue oak","LL","MiddleEarth","pd",2022-04-25,2022-04-25,"2022-04-25",NA
"752",2367,17,"blue oak","LL","MiddleEarth","pd",2022-04-25,2022-04-27,"2022-04-25",NA
"753",2367,17,"blue oak","LL","MiddleEarth","pd",2022-04-27,2022-04-25,"2022-04-25",NA
"754",2367,18,"blue oak","LL","MiddleEarth","md",2022-05-04,2022-05-04,NA,"2022-05-03"
"755",2367,18,"blue oak","LL","MiddleEarth","pd",2022-05-04,2022-05-04,NA,"2022-05-03"
"756",2367,19,"blue oak","LL","MiddleEarth","md",2022-05-09,2022-05-09,NA,NA
"757",2367,19,"blue oak","LL","MiddleEarth","pd",2022-05-09,2022-05-09,NA,NA
"758",2367,21,"blue oak","LL","MiddleEarth","md",2022-05-23,2022-05-23,"2022-05-23","2022-05-23"
"759",2367,21,"blue oak","LL","MiddleEarth","pd",2022-05-23,2022-05-23,"2022-05-23","2022-05-23"
"760",2367,21,"blue oak","LL","MiddleEarth","pd",2022-05-25,2022-05-23,"2022-05-23","2022-05-23"
"761",2367,29,"blue oak","LL","MiddleEarth","md",2022-07-19,2022-07-19,NA,NA
"762",2367,29,"blue oak","LL","MiddleEarth","pd",2022-07-19,2022-07-19,NA,NA
"763",2367,33,"blue oak","LL","MiddleEarth","md",2022-08-18,2022-08-18,NA,NA
"764",2367,33,"blue oak","LL","MiddleEarth","pd",2022-08-18,2022-08-18,NA,NA
"765",2369,10,"blue oak","LL","MiddleEarth","md",2022-03-08,2022-03-08,NA,NA
"766",2369,10,"blue oak","LL","MiddleEarth","pd",2022-03-08,2022-03-08,NA,NA
"767",2369,11,"blue oak","LL","MiddleEarth","md",2022-03-15,2022-03-15,NA,NA
"768",2369,11,"blue oak","LL","MiddleEarth","pd",2022-03-15,2022-03-15,NA,NA
"769",2369,12,"blue oak","LL","MiddleEarth","md",2022-03-23,2022-03-25,NA,NA
"770",2369,12,"blue oak","LL","MiddleEarth","md",2022-03-25,2022-03-25,NA,NA
"771",2369,12,"blue oak","LL","MiddleEarth","pd",NA,2022-03-23,NA,NA
"772",2369,13,"blue oak","LL","MiddleEarth","pd",2022-03-30,2022-03-30,"2022-03-30",NA
"773",2369,14,"blue oak","LL","MiddleEarth","md",2022-04-06,2022-04-06,NA,NA
"774",2369,14,"blue oak","LL","MiddleEarth","pd",NA,NA,"2022-04-04",NA
"775",2369,15,"blue oak","LL","MiddleEarth","md",2022-04-13,NA,NA,"2022-04-14"
"776",2369,15,"blue oak","LL","MiddleEarth","pd",2022-04-11,2022-04-11,NA,"2022-04-14"
"777",2369,17,"blue oak","LL","MiddleEarth","md",2022-04-27,2022-04-25,"2022-04-25",NA
"778",2369,17,"blue oak","LL","MiddleEarth","md",2022-04-25,2022-04-27,"2022-04-25",NA
"779",2369,17,"blue oak","LL","MiddleEarth","md",2022-04-25,2022-04-25,"2022-04-25",NA
"780",2369,17,"blue oak","LL","MiddleEarth","md",2022-04-27,2022-04-27,"2022-04-25",NA
"781",2369,17,"blue oak","LL","MiddleEarth","pd",2022-04-25,2022-04-27,"2022-04-25",NA
"782",2369,17,"blue oak","LL","MiddleEarth","pd",2022-04-27,2022-04-27,"2022-04-25",NA
"783",2369,17,"blue oak","LL","MiddleEarth","pd",2022-04-25,2022-04-25,"2022-04-25",NA
"784",2369,17,"blue oak","LL","MiddleEarth","pd",2022-04-27,2022-04-25,"2022-04-25",NA
"785",2369,18,"blue oak","LL","MiddleEarth","md",2022-05-04,2022-05-04,NA,"2022-05-03"
"786",2369,18,"blue oak","LL","MiddleEarth","pd",2022-05-04,2022-05-04,NA,"2022-05-03"
"787",2369,19,"blue oak","LL","MiddleEarth","md",2022-05-09,2022-05-09,NA,NA
"788",2369,19,"blue oak","LL","MiddleEarth","pd",2022-05-09,2022-05-09,NA,NA
"789",2369,21,"blue oak","LL","MiddleEarth","md",2022-05-23,2022-05-23,NA,"2022-05-25"
"790",2369,21,"blue oak","LL","MiddleEarth","pd",2022-05-23,2022-05-23,"2022-05-23","2022-05-25"
"791",2369,21,"blue oak","LL","MiddleEarth","pd",2022-05-25,2022-05-23,"2022-05-23","2022-05-25"
"792",2369,29,"blue oak","LL","MiddleEarth","pd",2022-07-19,2022-07-19,NA,NA
"793",2369,33,"blue oak","LL","MiddleEarth","md",NA,2022-08-18,NA,NA
"794",2369,33,"blue oak","LL","MiddleEarth","pd",2022-08-18,2022-08-18,NA,NA
"795",2370,10,"blue oak","LL","Weathertop","pd",2022-03-08,2022-03-08,NA,NA
"796",2370,12,"blue oak","LL","Weathertop","pd",2022-03-23,2022-03-25,NA,NA
"797",2370,12,"blue oak","LL","Weathertop","pd",2022-03-25,2022-03-25,NA,NA
"798",2370,13,"blue oak","LL","Weathertop","pd",2022-03-30,2022-03-30,"2022-03-30",NA
"799",2370,14,"blue oak","LL","Weathertop","md",2022-04-06,2022-04-06,NA,NA
"800",2370,14,"blue oak","LL","Weathertop","pd",NA,NA,"2022-04-04",NA
"801",2370,15,"blue oak","LL","Weathertop","md",2022-04-13,2022-04-13,NA,"2022-04-12"
"802",2370,15,"blue oak","LL","Weathertop","pd",2022-04-11,2022-04-11,NA,"2022-04-12"
"803",2370,17,"blue oak","LL","Weathertop","md",2022-04-25,2022-04-25,"2022-04-25",NA
"804",2370,17,"blue oak","LL","Weathertop","pd",2022-04-25,2022-04-25,"2022-04-25",NA
"805",2370,18,"blue oak","LL","Weathertop","md",2022-05-04,2022-05-04,NA,"2022-05-04"
"806",2370,19,"blue oak","LL","Weathertop","md",2022-05-09,2022-05-09,NA,NA
"807",2370,21,"blue oak","LL","Weathertop","md",2022-05-25,2022-05-23,"2022-05-23","2022-05-25"
"808",2370,21,"blue oak","LL","Weathertop","pd",2022-05-23,2022-05-23,"2022-05-23","2022-05-25"
"809",2370,29,"blue oak","LL","Weathertop","md",2022-07-19,2022-07-19,NA,NA
"810",2370,29,"blue oak","LL","Weathertop","pd",2022-07-19,2022-07-19,NA,NA
"811",2370,33,"blue oak","LL","Weathertop","md",2022-08-18,2022-08-18,NA,NA
"812",2370,33,"blue oak","LL","Weathertop","pd",2022-08-18,2022-08-18,NA,NA
"813",2371,9,"blue oak","LL","Weathertop","pd",2022-02-28,2022-02-28,NA,NA
"814",2371,10,"blue oak","LL","Weathertop","pd",2022-03-08,2022-03-08,NA,NA
"815",2371,12,"blue oak","LL","Weathertop","pd",2022-03-25,2022-03-25,NA,NA
"816",2371,12,"blue oak","LL","Weathertop","pd",2022-03-23,2022-03-25,NA,NA
"817",2371,13,"blue oak","LL","Weathertop","pd",2022-03-30,2022-03-30,"2022-03-30",NA
"818",2371,14,"blue oak","LL","Weathertop","md",2022-04-06,2022-04-06,NA,NA
"819",2371,14,"blue oak","LL","Weathertop","pd",NA,NA,"2022-04-04",NA
"820",2371,15,"blue oak","LL","Weathertop","md",2022-04-13,2022-04-13,NA,"2022-04-12"
"821",2371,15,"blue oak","LL","Weathertop","pd",2022-04-11,2022-04-11,NA,"2022-04-12"
"822",2371,17,"blue oak","LL","Weathertop","md",2022-04-25,2022-04-25,"2022-04-25",NA
"823",2371,17,"blue oak","LL","Weathertop","pd",2022-04-25,2022-04-25,"2022-04-25",NA
"824",2371,18,"blue oak","LL","Weathertop","md",2022-05-04,2022-05-04,NA,"2022-05-04"
"825",2371,19,"blue oak","LL","Weathertop","md",2022-05-09,2022-05-09,NA,NA
"826",2371,19,"blue oak","LL","Weathertop","pd",2022-05-09,NA,NA,NA
"827",2371,21,"blue oak","LL","Weathertop","md",2022-05-25,2022-05-23,"2022-05-23","2022-05-25"
"828",2371,21,"blue oak","LL","Weathertop","pd",2022-05-23,2022-05-23,"2022-05-23","2022-05-25"
"829",2371,29,"blue oak","LL","Weathertop","md",2022-07-19,2022-07-19,NA,NA
"830",2371,29,"blue oak","LL","Weathertop","pd",2022-07-19,2022-07-19,NA,NA
"831",2371,33,"blue oak","LL","Weathertop","md",2022-08-18,2022-08-18,NA,NA
"832",2371,33,"blue oak","LL","Weathertop","pd",2022-08-18,2022-08-18,NA,NA
"833",2372,9,"blue oak","LL","Weathertop","pd",2022-02-28,2022-02-28,NA,NA
"834",2372,10,"blue oak","LL","Weathertop","pd",2022-03-08,2022-03-08,NA,NA
"835",2372,12,"blue oak","LL","Weathertop","md",2022-03-23,2022-03-25,NA,NA
"836",2372,12,"blue oak","LL","Weathertop","md",2022-03-25,2022-03-25,NA,NA
"837",2372,12,"blue oak","LL","Weathertop","pd",2022-03-25,2022-03-25,NA,NA
"838",2372,12,"blue oak","LL","Weathertop","pd",2022-03-23,2022-03-25,NA,NA
"839",2372,13,"blue oak","LL","Weathertop","pd",2022-03-30,2022-03-30,"2022-03-30",NA
"840",2372,14,"blue oak","LL","Weathertop","md",2022-04-06,2022-04-06,NA,NA
"841",2372,14,"blue oak","LL","Weathertop","pd",NA,NA,"2022-04-04",NA
"842",2372,15,"blue oak","LL","Weathertop","pd",2022-04-11,2022-04-11,NA,"2022-04-12"
"843",2372,17,"blue oak","LL","Weathertop","md",2022-04-25,2022-04-25,"2022-04-25",NA
"844",2372,17,"blue oak","LL","Weathertop","pd",2022-04-25,2022-04-25,"2022-04-25",NA
"845",2372,18,"blue oak","LL","Weathertop","md",2022-05-04,2022-05-04,NA,"2022-05-04"
"846",2372,19,"blue oak","LL","Weathertop","md",2022-05-09,2022-05-09,NA,NA
"847",2372,19,"blue oak","LL","Weathertop","pd",2022-05-09,NA,NA,NA
"848",2372,21,"blue oak","LL","Weathertop","md",2022-05-25,2022-05-23,"2022-05-23","2022-05-25"
"849",2372,21,"blue oak","LL","Weathertop","pd",2022-05-23,2022-05-23,"2022-05-23","2022-05-25"
"850",2372,29,"blue oak","LL","Weathertop","md",2022-07-19,2022-07-19,NA,NA
"851",2372,29,"blue oak","LL","Weathertop","pd",2022-07-19,2022-07-19,NA,NA
"852",2372,33,"blue oak","LL","Weathertop","md",2022-08-18,2022-08-18,NA,NA
"853",2372,33,"blue oak","LL","Weathertop","pd",2022-08-18,2022-08-18,NA,NA
"854",2373,9,"blue oak","LL","Weathertop","pd",2022-02-28,2022-02-28,NA,NA
"855",2373,10,"blue oak","LL","Weathertop","pd",2022-03-08,2022-03-08,NA,NA
"856",2373,12,"blue oak","LL","Weathertop","pd",2022-03-23,2022-03-25,NA,NA
"857",2373,12,"blue oak","LL","Weathertop","pd",2022-03-25,2022-03-25,NA,NA
"858",2374,10,"blue oak","LL","Ridge","pd",2022-03-08,2022-03-08,NA,NA
"859",2374,15,"blue oak","LL","Ridge","md",2022-04-13,2022-04-13,NA,NA
"860",2375,12,"blue oak","LL","Hobbiton","pd",2022-03-25,2022-03-25,NA,NA
"861",2375,12,"blue oak","LL","Hobbiton","pd",2022-03-23,2022-03-25,NA,NA
"862",2375,13,"blue oak","LL","Hobbiton","pd",2022-03-30,2022-03-30,"2022-03-30",NA
"863",2375,14,"blue oak","LL","Hobbiton","md",2022-04-06,2022-04-06,NA,NA
"864",2375,15,"blue oak","LL","Hobbiton","md",2022-04-13,2022-04-13,NA,"2022-04-14"
"865",2375,15,"blue oak","LL","Hobbiton","pd",2022-04-11,2022-04-11,NA,"2022-04-14"
"866",2375,17,"blue oak","LL","Hobbiton","pd",2022-04-25,2022-04-25,"2022-04-25",NA
"867",2375,18,"blue oak","LL","Hobbiton","md",2022-05-04,2022-05-04,NA,"2022-05-04"
"868",2375,17,"blue oak","LL","Hobbiton","md",NA,NA,"2022-04-25",NA
"869",2375,19,"blue oak","LL","Hobbiton","md",2022-05-09,2022-05-09,NA,NA
"870",2375,19,"blue oak","LL","Hobbiton","pd",2022-05-09,NA,NA,NA
"871",2375,21,"blue oak","LL","Hobbiton","md",2022-05-23,2022-05-23,"2022-05-23","2022-05-25"
"872",2375,21,"blue oak","LL","Hobbiton","pd",2022-05-23,2022-05-23,"2022-05-23","2022-05-25"
"873",2375,29,"blue oak","LL","Hobbiton","md",2022-07-19,2022-07-19,NA,NA
"874",2375,29,"blue oak","LL","Hobbiton","pd",2022-07-19,2022-07-19,NA,NA
"875",2375,33,"blue oak","LL","Hobbiton","md",2022-08-18,2022-08-18,NA,NA
"876",2375,33,"blue oak","LL","Hobbiton","pd",2022-08-18,2022-08-18,NA,NA
"877",2376,9,"live oak","LL","MiddleEarth","md",2022-02-28,2022-02-28,"2022-02-28",NA
"878",2376,10,"live oak","LL","MiddleEarth","md",2022-03-08,2022-03-08,"2022-03-08",NA
"879",2376,10,"live oak","LL","MiddleEarth","pd",2022-03-08,2022-03-08,NA,NA
"880",2376,12,"live oak","LL","MiddleEarth","md",2022-03-23,2022-03-25,NA,NA
"881",2376,12,"live oak","LL","MiddleEarth","md",2022-03-25,2022-03-25,NA,NA
"882",2376,12,"live oak","LL","MiddleEarth","pd",2022-03-23,2022-03-25,NA,NA
"883",2376,12,"live oak","LL","MiddleEarth","pd",2022-03-25,2022-03-25,NA,NA
"884",2376,13,"live oak","LL","MiddleEarth","pd",2022-03-30,2022-03-30,"2022-03-30",NA
"885",2376,14,"live oak","LL","MiddleEarth","md",2022-04-06,2022-04-06,NA,NA
"886",2376,15,"live oak","LL","MiddleEarth","md",2022-04-13,2022-04-13,NA,NA
"887",2376,15,"live oak","LL","MiddleEarth","pd",2022-04-11,2022-04-11,NA,NA
"888",2376,17,"live oak","LL","MiddleEarth","md",2022-04-25,2022-04-25,"2022-04-25",NA
"889",2376,17,"live oak","LL","MiddleEarth","pd",2022-04-25,2022-04-25,"2022-04-25",NA
"890",2376,18,"live oak","LL","MiddleEarth","md",2022-05-04,2022-05-04,NA,NA
"891",2376,19,"live oak","LL","MiddleEarth","md",2022-05-09,2022-05-09,NA,NA
"892",2376,19,"live oak","LL","MiddleEarth","pd",2022-05-09,NA,NA,NA
"893",2376,21,"live oak","LL","MiddleEarth","md",2022-05-23,2022-05-23,"2022-05-23",NA
"894",2376,21,"live oak","LL","MiddleEarth","pd",2022-05-23,2022-05-23,"2022-05-23",NA
"895",2376,29,"live oak","LL","MiddleEarth","md",2022-07-19,2022-07-19,NA,NA
"896",2376,29,"live oak","LL","MiddleEarth","pd",2022-07-19,2022-07-19,NA,NA
"897",2376,33,"live oak","LL","MiddleEarth","md",2022-08-18,2022-08-18,NA,NA
"898",2376,33,"live oak","LL","MiddleEarth","pd",2022-08-18,2022-08-18,NA,NA
"899",2377,9,"live oak","LL","MiddleEarth","md",2022-02-28,2022-02-28,"2022-02-28",NA
"900",2377,10,"live oak","LL","MiddleEarth","md",2022-03-08,2022-03-08,"2022-03-08",NA
"901",2377,10,"live oak","LL","MiddleEarth","pd",2022-03-08,2022-03-08,"2022-03-08",NA
"902",2377,12,"live oak","LL","MiddleEarth","md",2022-03-25,2022-03-25,NA,NA
"903",2377,12,"live oak","LL","MiddleEarth","md",2022-03-23,2022-03-25,NA,NA
"904",2377,13,"live oak","LL","MiddleEarth","pd",2022-03-30,2022-03-30,"2022-03-30",NA
"905",2377,14,"live oak","LL","MiddleEarth","md",2022-04-06,2022-04-06,NA,NA
"906",2377,14,"live oak","LL","MiddleEarth","pd",NA,NA,"2022-04-04",NA
"907",2377,15,"live oak","LL","MiddleEarth","md",2022-04-13,2022-04-13,NA,"2022-04-14"
"908",2377,15,"live oak","LL","MiddleEarth","pd",2022-04-11,2022-04-11,NA,"2022-04-14"
"909",2377,17,"live oak","LL","MiddleEarth","md",2022-04-25,2022-04-25,"2022-04-25",NA
"910",2377,17,"live oak","LL","MiddleEarth","pd",2022-04-25,2022-04-25,"2022-04-25",NA
"911",2377,18,"live oak","LL","MiddleEarth","md",2022-05-04,2022-05-04,NA,NA
"912",2377,19,"live oak","LL","MiddleEarth","md",2022-05-09,2022-05-09,NA,NA
"913",2377,19,"live oak","LL","MiddleEarth","pd",2022-05-09,NA,NA,NA
"914",2377,21,"live oak","LL","MiddleEarth","md",2022-05-23,2022-05-23,"2022-05-23","2022-05-25"
"915",2377,21,"live oak","LL","MiddleEarth","pd",2022-05-23,2022-05-23,"2022-05-23","2022-05-25"
"916",2377,29,"live oak","LL","MiddleEarth","pd",2022-07-19,2022-07-19,NA,NA
"917",2377,33,"live oak","LL","MiddleEarth","md",NA,2022-08-18,NA,NA
"918",2377,33,"live oak","LL","MiddleEarth","pd",2022-08-18,2022-08-18,NA,NA
"919",2378,10,"blue oak","LL","MiddleEarth","md",2022-03-08,2022-03-08,"2022-03-08",NA
"920",2378,10,"blue oak","LL","MiddleEarth","pd",2022-03-08,2022-03-08,"2022-03-11",NA
"921",2378,12,"blue oak","LL","MiddleEarth","md",2022-03-25,2022-03-25,NA,NA
"922",2378,12,"blue oak","LL","MiddleEarth","md",2022-03-23,2022-03-25,NA,NA
"923",2378,12,"blue oak","LL","MiddleEarth","pd",2022-03-23,2022-03-25,NA,NA
"924",2378,12,"blue oak","LL","MiddleEarth","pd",2022-03-25,2022-03-25,NA,NA
"925",2378,13,"blue oak","LL","MiddleEarth","pd",2022-03-30,2022-03-30,"2022-03-30",NA
"926",2378,14,"blue oak","LL","MiddleEarth","md",2022-04-06,2022-04-06,NA,NA
"927",2378,14,"blue oak","LL","MiddleEarth","pd",NA,NA,"2022-04-04",NA
"928",2378,15,"blue oak","LL","MiddleEarth","md",2022-04-13,2022-04-13,NA,"2022-04-14"
"929",2378,15,"blue oak","LL","MiddleEarth","pd",2022-04-11,2022-04-11,NA,"2022-04-14"
"930",2378,17,"blue oak","LL","MiddleEarth","md",2022-04-25,2022-04-25,"2022-04-25",NA
"931",2378,17,"blue oak","LL","MiddleEarth","pd",2022-04-25,2022-04-25,"2022-04-25",NA
"932",2378,18,"blue oak","LL","MiddleEarth","md",2022-05-04,2022-05-04,NA,"2022-05-04"
"933",2378,19,"blue oak","LL","MiddleEarth","md",NA,2022-05-09,NA,NA
"934",2378,19,"blue oak","LL","MiddleEarth","pd",2022-05-09,NA,NA,NA
"935",2378,21,"blue oak","LL","MiddleEarth","md",2022-05-23,2022-05-23,"2022-05-23","2022-05-25"
"936",2378,21,"blue oak","LL","MiddleEarth","pd",2022-05-23,2022-05-23,"2022-05-23","2022-05-25"
"937",2378,29,"blue oak","LL","MiddleEarth","md",2022-07-19,2022-07-19,NA,NA
"938",2378,29,"blue oak","LL","MiddleEarth","pd",2022-07-19,2022-07-19,NA,NA
"939",2378,33,"blue oak","LL","MiddleEarth","md",2022-08-18,2022-08-18,NA,NA
"940",2378,33,"blue oak","LL","MiddleEarth","pd",2022-08-18,2022-08-18,NA,NA
"941",2379,10,"blue oak","LL","MiddleEarth","pd",2022-03-08,2022-03-08,"2022-03-11",NA
"942",2379,12,"blue oak","LL","MiddleEarth","md",2022-03-25,2022-03-25,NA,NA
"943",2379,12,"blue oak","LL","MiddleEarth","md",2022-03-23,2022-03-25,NA,NA
"944",2379,12,"blue oak","LL","MiddleEarth","pd",2022-03-25,2022-03-25,NA,NA
"945",2379,12,"blue oak","LL","MiddleEarth","pd",2022-03-23,2022-03-25,NA,NA
"946",2379,13,"blue oak","LL","MiddleEarth","pd",2022-03-30,2022-03-30,"2022-03-30",NA
"947",2379,14,"blue oak","LL","MiddleEarth","md",2022-04-06,2022-04-06,NA,NA
"948",2379,15,"blue oak","LL","MiddleEarth","md",2022-04-13,2022-04-13,NA,"2022-04-14"
"949",2379,15,"blue oak","LL","MiddleEarth","pd",2022-04-11,2022-04-11,NA,"2022-04-14"
"950",2379,17,"blue oak","LL","MiddleEarth","md",2022-04-25,2022-04-25,"2022-04-25",NA
"951",2379,17,"blue oak","LL","MiddleEarth","pd",2022-04-25,2022-04-25,"2022-04-25",NA
"952",2379,18,"blue oak","LL","MiddleEarth","md",2022-05-04,2022-05-04,NA,"2022-05-04"
"953",2379,19,"blue oak","LL","MiddleEarth","md",2022-05-09,2022-05-09,NA,NA
"954",2379,19,"blue oak","LL","MiddleEarth","pd",2022-05-09,NA,NA,NA
"955",2379,21,"blue oak","LL","MiddleEarth","md",2022-05-23,2022-05-23,"2022-05-23","2022-05-25"
"956",2379,21,"blue oak","LL","MiddleEarth","pd",2022-05-23,2022-05-23,"2022-05-23","2022-05-25"
"957",2379,29,"blue oak","LL","MiddleEarth","md",2022-07-19,2022-07-19,NA,NA
"958",2379,29,"blue oak","LL","MiddleEarth","pd",2022-07-19,2022-07-19,NA,NA
"959",2379,33,"blue oak","LL","MiddleEarth","md",2022-08-18,2022-08-18,NA,NA
"960",2379,33,"blue oak","LL","MiddleEarth","pd",2022-08-18,2022-08-18,NA,NA
"961",2380,9,"live oak","LL","MiddleEarth","md",2022-02-28,2022-02-28,NA,NA
"962",2380,10,"live oak","LL","MiddleEarth","md",2022-03-08,2022-03-08,NA,NA
"963",2380,10,"live oak","LL","MiddleEarth","pd",2022-03-08,2022-03-08,"2022-03-08",NA
"964",2380,12,"live oak","LL","MiddleEarth","md",2022-03-23,2022-03-25,NA,NA
"965",2380,12,"live oak","LL","MiddleEarth","md",2022-03-25,2022-03-25,NA,NA
"966",2380,12,"live oak","LL","MiddleEarth","pd",2022-03-25,2022-03-25,NA,NA
"967",2380,12,"live oak","LL","MiddleEarth","pd",2022-03-23,2022-03-25,NA,NA
"968",2380,13,"live oak","LL","MiddleEarth","pd",2022-03-30,2022-03-30,"2022-03-30",NA
"969",2380,14,"live oak","LL","MiddleEarth","md",2022-04-06,2022-04-06,"2022-04-04",NA
"970",2380,15,"live oak","LL","MiddleEarth","md",2022-04-13,2022-04-13,NA,"2022-04-14"
"971",2380,15,"live oak","LL","MiddleEarth","pd",2022-04-11,2022-04-11,NA,"2022-04-14"
"972",2380,17,"live oak","LL","MiddleEarth","md",2022-04-25,2022-04-25,"2022-04-25",NA
"973",2380,17,"live oak","LL","MiddleEarth","pd",2022-04-25,2022-04-25,"2022-04-25",NA
"974",2380,18,"live oak","LL","MiddleEarth","md",2022-05-04,2022-05-04,NA,NA
"975",2380,19,"live oak","LL","MiddleEarth","md",2022-05-09,2022-05-09,NA,NA
"976",2380,19,"live oak","LL","MiddleEarth","pd",2022-05-09,NA,NA,NA
"977",2380,21,"live oak","LL","MiddleEarth","md",2022-05-23,2022-05-23,"2022-05-23","2022-05-25"
"978",2380,21,"live oak","LL","MiddleEarth","md",2022-05-25,2022-05-23,"2022-05-23","2022-05-25"
"979",2380,21,"live oak","LL","MiddleEarth","pd",2022-05-23,2022-05-23,"2022-05-23","2022-05-25"
"980",2380,29,"live oak","LL","MiddleEarth","md",2022-07-19,2022-07-19,NA,NA
"981",2380,29,"live oak","LL","MiddleEarth","pd",2022-07-19,2022-07-19,NA,NA
"982",2380,33,"live oak","LL","MiddleEarth","md",2022-08-18,2022-08-18,NA,NA
"983",2380,33,"live oak","LL","MiddleEarth","pd",2022-08-18,2022-08-18,NA,NA
"984",2381,9,"blue oak","LL","Weathertop","md",2022-03-03,2022-03-03,"2022-02-28",NA
"985",2381,10,"blue oak","LL","Weathertop","md",2022-03-08,2022-03-08,"2022-03-08",NA
"986",2381,10,"blue oak","LL","Weathertop","pd",2022-03-08,2022-03-08,"2022-03-08",NA
"987",2381,11,"blue oak","LL","Weathertop","md",2022-03-15,2022-03-15,NA,"2022-03-15"
"988",2381,11,"blue oak","LL","Weathertop","pd",2022-03-15,2022-03-15,NA,"2022-03-15"
"989",2381,12,"blue oak","LL","Weathertop","md",2022-03-25,2022-03-25,NA,NA
"990",2381,12,"blue oak","LL","Weathertop","md",2022-03-23,2022-03-25,NA,NA
"991",2381,12,"blue oak","LL","Weathertop","pd",2022-03-23,2022-03-25,NA,NA
"992",2381,12,"blue oak","LL","Weathertop","pd",2022-03-25,2022-03-25,NA,NA
"993",2381,13,"blue oak","LL","Weathertop","pd",2022-03-30,2022-03-30,"2022-03-30",NA
"994",2381,14,"blue oak","LL","Weathertop","md",2022-04-06,2022-04-06,NA,NA
"995",2381,14,"blue oak","LL","Weathertop","pd",NA,NA,"2022-04-04",NA
"996",2381,15,"blue oak","LL","Weathertop","md",2022-04-13,2022-04-13,NA,"2022-04-14"
"997",2381,15,"blue oak","LL","Weathertop","pd",2022-04-11,2022-04-11,NA,"2022-04-14"
"998",2381,17,"blue oak","LL","Weathertop","md",2022-04-25,2022-04-25,"2022-04-25",NA
"999",2381,17,"blue oak","LL","Weathertop","pd",2022-04-25,2022-04-25,"2022-04-25",NA
"1000",2381,18,"blue oak","LL","Weathertop","md",2022-05-04,2022-05-04,NA,NA
"1001",2381,19,"blue oak","LL","Weathertop","md",NA,2022-05-09,NA,NA
"1002",2381,19,"blue oak","LL","Weathertop","pd",2022-05-09,NA,NA,NA
"1003",2381,21,"blue oak","LL","Weathertop","md",2022-05-23,2022-05-23,"2022-05-23","2022-05-25"
"1004",2381,21,"blue oak","LL","Weathertop","pd",2022-05-23,2022-05-23,NA,"2022-05-25"
"1005",2381,29,"blue oak","LL","Weathertop","md",2022-07-19,2022-07-19,NA,NA
"1006",2381,29,"blue oak","LL","Weathertop","pd",2022-07-19,2022-07-19,NA,NA
"1007",2381,33,"blue oak","LL","Weathertop","md",2022-08-18,2022-08-18,NA,NA
"1008",2381,33,"blue oak","LL","Weathertop","pd",2022-08-18,2022-08-18,NA,NA
"1009",2382,9,"blue oak","LL","Weathertop","md",2022-03-03,2022-03-03,NA,NA
"1010",2382,10,"blue oak","LL","Weathertop","md",2022-03-08,2022-03-08,NA,NA
"1011",2382,10,"blue oak","LL","Weathertop","pd",2022-03-08,2022-03-08,"2022-03-08",NA
"1012",2382,11,"blue oak","LL","Weathertop","md",2022-03-15,2022-03-15,NA,"2022-03-15"
"1013",2382,11,"blue oak","LL","Weathertop","pd",2022-03-15,2022-03-15,"2022-03-15","2022-03-15"
"1014",2382,12,"blue oak","LL","Weathertop","md",2022-03-25,2022-03-25,NA,NA
"1015",2382,12,"blue oak","LL","Weathertop","md",2022-03-23,2022-03-25,NA,NA
"1016",2382,12,"blue oak","LL","Weathertop","pd",2022-03-23,2022-03-25,NA,NA
"1017",2382,12,"blue oak","LL","Weathertop","pd",2022-03-25,2022-03-25,NA,NA
"1018",2382,13,"blue oak","LL","Weathertop","pd",2022-03-30,2022-03-30,"2022-03-30",NA
"1019",2382,14,"blue oak","LL","Weathertop","md",2022-04-06,2022-04-06,NA,NA
"1020",2382,15,"blue oak","LL","Weathertop","md",2022-04-13,2022-04-13,NA,NA
"1021",2382,15,"blue oak","LL","Weathertop","pd",2022-04-11,2022-04-11,NA,NA
"1022",2382,17,"blue oak","LL","Weathertop","md",2022-04-25,2022-04-25,"2022-04-25",NA
"1023",2382,17,"blue oak","LL","Weathertop","pd",2022-04-25,2022-04-25,"2022-04-25",NA
"1024",2382,18,"blue oak","LL","Weathertop","md",2022-05-04,2022-05-04,NA,"2022-05-03"
"1025",2382,19,"blue oak","LL","Weathertop","md",2022-05-09,2022-05-09,NA,NA
"1026",2382,19,"blue oak","LL","Weathertop","pd",2022-05-09,NA,NA,NA
"1027",2382,21,"blue oak","LL","Weathertop","md",2022-05-23,2022-05-23,"2022-05-23","2022-05-25"
"1028",2382,21,"blue oak","LL","Weathertop","pd",2022-05-23,2022-05-23,"2022-05-23","2022-05-25"
"1029",2382,29,"blue oak","LL","Weathertop","md",2022-07-19,2022-07-19,NA,NA
"1030",2382,29,"blue oak","LL","Weathertop","pd",2022-07-19,2022-07-19,NA,NA
"1031",2382,33,"blue oak","LL","Weathertop","md",2022-08-18,2022-08-18,NA,NA
"1032",2382,33,"blue oak","LL","Weathertop","pd",2022-08-18,NA,NA,NA
"1033",2383,10,"blue oak","LL","Weathertop","md",2022-03-08,2022-03-08,NA,NA
"1034",2383,10,"blue oak","LL","Weathertop","pd",2022-03-08,2022-03-08,"2022-03-11",NA
"1035",2383,11,"blue oak","LL","Weathertop","pd",NA,NA,"2022-03-15",NA
"1036",2383,12,"blue oak","LL","Weathertop","pd",2022-03-25,2022-03-25,NA,NA
"1037",2383,12,"blue oak","LL","Weathertop","pd",2022-03-23,2022-03-25,NA,NA
"1038",2383,13,"blue oak","LL","Weathertop","pd",2022-03-30,2022-03-30,"2022-03-30",NA
"1039",2383,14,"blue oak","LL","Weathertop","md",2022-04-06,2022-04-06,NA,"2022-04-04"
"1040",2383,14,"blue oak","LL","Weathertop","pd",NA,NA,"2022-04-04",NA
"1041",2383,15,"blue oak","LL","Weathertop","md",2022-04-13,2022-04-13,NA,"2022-04-14"
"1042",2383,15,"blue oak","LL","Weathertop","pd",2022-04-11,2022-04-11,NA,"2022-04-14"
"1043",2383,17,"blue oak","LL","Weathertop","md",2022-04-25,2022-04-25,"2022-04-25",NA
"1044",2383,17,"blue oak","LL","Weathertop","pd",2022-04-25,2022-04-25,"2022-04-25",NA
"1045",2383,18,"blue oak","LL","Weathertop","md",2022-05-04,2022-05-04,NA,"2022-05-04"
"1046",2383,19,"blue oak","LL","Weathertop","md",2022-05-09,2022-05-09,NA,NA
"1047",2383,19,"blue oak","LL","Weathertop","pd",2022-05-09,NA,NA,NA
"1048",2383,21,"blue oak","LL","Weathertop","md",2022-05-25,2022-05-23,"2022-05-23",NA
"1049",2383,21,"blue oak","LL","Weathertop","pd",2022-05-23,2022-05-23,"2022-05-23",NA
"1050",2383,29,"blue oak","LL","Weathertop","md",2022-07-19,2022-07-19,NA,NA
"1051",2383,29,"blue oak","LL","Weathertop","pd",2022-07-19,2022-07-19,NA,NA
"1052",2383,33,"blue oak","LL","Weathertop","md",2022-08-18,2022-08-18,NA,NA
"1053",2383,33,"blue oak","LL","Weathertop","pd",2022-08-18,2022-08-18,NA,NA
"1054",2384,9,"blue oak","LL","Weathertop","md",2022-03-03,NA,NA,NA
"1055",2384,10,"blue oak","LL","Weathertop","md",2022-03-08,2022-03-08,NA,NA
"1056",2384,10,"blue oak","LL","Weathertop","pd",2022-03-08,2022-03-08,"2022-03-08",NA
"1057",2384,11,"blue oak","LL","Weathertop","md",2022-03-15,2022-03-15,NA,"2022-03-15"
"1058",2384,11,"blue oak","LL","Weathertop","pd",NA,NA,"2022-03-15",NA
"1059",2384,12,"blue oak","LL","Weathertop","md",2022-03-25,2022-03-25,NA,NA
"1060",2384,12,"blue oak","LL","Weathertop","md",2022-03-23,2022-03-25,NA,NA
"1061",2384,12,"blue oak","LL","Weathertop","pd",2022-03-23,2022-03-25,NA,NA
"1062",2384,12,"blue oak","LL","Weathertop","pd",2022-03-25,2022-03-25,NA,NA
"1063",2384,13,"blue oak","LL","Weathertop","pd",2022-03-30,2022-03-30,"2022-03-30",NA
"1064",2384,14,"blue oak","LL","Weathertop","md",2022-04-06,2022-04-06,NA,NA
"1065",2384,14,"blue oak","LL","Weathertop","pd",NA,NA,"2022-04-04",NA
"1066",2384,15,"blue oak","LL","Weathertop","md",2022-04-13,2022-04-13,NA,"2022-04-14"
"1067",2384,15,"blue oak","LL","Weathertop","pd",2022-04-11,2022-04-11,NA,"2022-04-14"
"1068",2384,17,"blue oak","LL","Weathertop","md",2022-04-25,2022-04-25,"2022-04-25",NA
"1069",2384,17,"blue oak","LL","Weathertop","pd",2022-04-25,2022-04-25,"2022-04-25",NA
"1070",2384,18,"blue oak","LL","Weathertop","md",2022-05-04,2022-05-04,NA,"2022-05-03"
"1071",2384,19,"blue oak","LL","Weathertop","md",2022-05-09,2022-05-09,NA,NA
"1072",2384,19,"blue oak","LL","Weathertop","pd",2022-05-09,NA,NA,NA
"1073",2384,21,"blue oak","LL","Weathertop","md",2022-05-25,2022-05-23,"2022-05-23","2022-05-23"
"1074",2384,21,"blue oak","LL","Weathertop","pd",2022-05-23,2022-05-23,"2022-05-23","2022-05-23"
"1075",2384,29,"blue oak","LL","Weathertop","md",2022-07-19,2022-07-19,NA,NA
"1076",2384,29,"blue oak","LL","Weathertop","pd",2022-07-19,2022-07-19,NA,NA
"1077",2384,33,"blue oak","LL","Weathertop","md",2022-08-18,2022-08-18,NA,NA
"1078",2384,33,"blue oak","LL","Weathertop","pd",2022-08-18,2022-08-18,NA,NA
"1079",2385,14,"blue oak",NA,NA,"md",NA,NA,"2022-04-04",NA
"1080",2385,17,"blue oak",NA,NA,"pd",2022-04-27,2022-04-27,"2022-04-27",NA
